capture_id,chain_id,kind,mode,from_block,to_block,from_block_time_utc,to_block_time_utc,status,finality,canonical,committed,members_and_evidence_accepted,unknown_event_count,started_at_utc,available_at_utc,reason
0x01b17acdc49388ed89a367661d573824b14b6e335ca228509a27f73c88c0fc5c,8453,receipts,research,52079682,52079682,2026-10-02T13:45:11Z,2026-10-02T13:45:11Z,complete,finalized,true,true,true,0,2026-10-02T14:05:21.112302Z,2026-10-02T14:05:21.774533Z,
0x02bc79ee29690e3a527dc87c44bd01466a55055b5c9cac0fb35852352941e76e,42161,logs,catchup,510994888,510995399,2026-10-02T13:15:59Z,2026-10-02T13:18:16Z,partial,finalized,true,true,true,13,2026-10-02T13:59:55.514255Z,2026-10-02T14:00:00.618005Z,implementation_unknown: implementation_range_mismatch
0x02f684653f2f584a24ae1d83461e86545cbeb6e24ad0a21ad919a2027afc252d,8453,receipts,research,52078941,52078941,2026-10-02T13:20:29Z,2026-10-02T13:20:29Z,complete,finalized,true,true,true,0,2026-10-02T14:00:11.308959Z,2026-10-02T14:00:11.991559Z,
0x03e4797555dffbb30e0d838cdfc82b3682872e41b3fcba5ea1fc95d9b02c8623,8453,receipts,research,,,,,error,head,true,true,true,0,2026-10-02T14:02:42.148431Z,2026-10-02T14:02:42.592485Z,rpc_response_read_timeout
0x045c774b38c1f1370758cbe0b658e131231da11b5f3bf9f2f7c8c50f96768686,8453,receipts,research,52079276,52079276,2026-10-02T13:31:39Z,2026-10-02T13:31:39Z,complete,finalized,true,true,true,0,2026-10-02T14:06:11.810506Z,2026-10-02T14:06:12.48653Z,
0x05b046321caed256d69f8cb61c87fda2e88989ca3f2176fc6e155f85e4ac10c4,8453,receipts,research,52079516,52079516,2026-10-02T13:39:39Z,2026-10-02T13:39:39Z,complete,finalized,true,true,true,0,2026-10-02T14:03:26.173795Z,2026-10-02T14:03:26.822397Z,
0x0633f1951b4d881d5f8728de0f48627aa07628d1b7466ce85b4d94effe6ebfac,42161,probes,catchup,,,,,partial,head,true,true,true,0,2026-10-02T13:58:37.285316Z,2026-10-02T13:58:37.306432Z,skipped_budget
0x06bd542b88012fcf69bd752513db7b35565dfe07954db7a2ea41f90ead8cd240,42161,receipts,research,511002777,511002777,2026-10-02T13:50:43Z,2026-10-02T13:50:43Z,complete,finalized,true,true,true,0,2026-10-02T14:05:03.029502Z,2026-10-02T14:05:04.138254Z,
0x06f5a2994619a1195bbd7ecd43c62fba3575bb94be6be9e3ba835bba449f000f,42161,receipts,research,511004973,511004973,2026-10-02T14:00:21Z,2026-10-02T14:00:21Z,complete,head,true,true,true,0,2026-10-02T14:06:08.490087Z,2026-10-02T14:06:09.627766Z,
0x07603e720c220b7d98e40aef01747b4e191f6bfa632267e2a53d8954447fa51e,42161,probes,catchup,,,,,partial,head,true,true,true,0,2026-10-02T14:01:38.903898Z,2026-10-02T14:01:38.90547Z,skipped_budget
0x0778ad77e20484a334858ca823200a253fa2b21c104b312b30ac908fb6c15552,8453,receipts,research,52079314,52079314,2026-10-02T13:32:55Z,2026-10-02T13:32:55Z,complete,finalized,true,true,true,0,2026-10-02T13:58:16.262947Z,2026-10-02T13:58:16.917865Z,
0x07cfc88376f19e64a5f2271d07f6c6365cae01481b175d86c203bfe3de287c39,8453,receipts,research,52078403,52078403,2026-10-02T13:02:33Z,2026-10-02T13:02:33Z,complete,finalized,true,true,true,0,2026-10-02T13:27:12.53704Z,2026-10-02T13:27:13.241777Z,
0x08ea90e9a5ec6c2fac5bddb22091c3d45d46856cd774d33252fa0d010e930d93,8453,logs,live,,,,,error,head,true,true,true,0,2026-10-02T14:06:45.573471Z,2026-10-02T14:06:45.775018Z,rpc_method_error
0x098455846514820042f6bdf89eab65287646dab3ad7fb1b70fb5bb5d5414b328,8453,receipts,research,52080132,52080132,2026-10-02T14:00:11Z,2026-10-02T14:00:11Z,complete,head,true,true,true,0,2026-10-02T14:11:51.490769Z,2026-10-02T14:11:52.156212Z,
0x09beca16721455b761c54e3a3eac68e8b3a3098691877b7034c53850ffd026c9,8453,receipts,research,52080100,52080100,2026-10-02T13:59:07Z,2026-10-02T13:59:07Z,complete,head,true,true,true,0,2026-10-02T14:06:58.685426Z,2026-10-02T14:06:59.32305Z,
0x09d0007f28045eeed91d7efda43bd9145cc601dc5bd70f4ae3a6dcc0a6765af7,8453,logs,live,52080269,52080279,2026-10-02T14:04:45Z,2026-10-02T14:05:05Z,complete,head,true,true,true,0,2026-10-02T14:05:05.473653Z,2026-10-02T14:05:07.319598Z,
0x0a27909eca106b66c634bc8d7607b7aea7334cd9a44f8172eb0b1d8220f64165,42161,probes,catchup,511005061,511005061,2026-10-02T14:00:44Z,2026-10-02T14:00:44Z,partial,head,true,true,true,0,2026-10-02T14:00:45.249568Z,2026-10-02T14:00:50.256683Z,rpc_error
0x0a5dd3a56e36483dbc55e29cc8d682bc33760311a0cce4c8f0af8761f15f0438,8453,receipts,research,52079000,52079000,2026-10-02T13:22:27Z,2026-10-02T13:22:27Z,complete,finalized,true,true,true,0,2026-10-02T14:07:20.950328Z,2026-10-02T14:07:21.624524Z,
0x0a5f068ac31269619836aac90a989d512266967b65371721128879718c02a9a7,8453,receipts,research,,,,,error,head,true,true,true,0,2026-10-02T14:01:16.163659Z,2026-10-02T14:01:16.73161Z,rpc_transport_or_timeout
0x0ac27d2c41f8126daac85f2719bad32f875926ef840a943286e7aaa3d2a7231b,8453,receipts,research,52080090,52080090,2026-10-02T13:58:47Z,2026-10-02T13:58:47Z,complete,head,true,true,true,0,2026-10-02T14:00:12.71303Z,2026-10-02T14:00:13.373662Z,
0x0ba19e529a48d2050c34a50797232f85b24a1ed2fc516e36ab2117c98832fe91,42161,logs,catchup,511006904,511006963,2026-10-02T14:08:43Z,2026-10-02T14:08:57Z,complete,head,true,true,true,0,2026-10-02T14:08:58.262209Z,2026-10-02T14:09:02.982327Z,
0x0d2858e87c7ac21b8bc754d530a90cb7b4ee209a0f0e0a77b819e44386b7a089,8453,receipts,research,52079180,52079180,2026-10-02T13:28:27Z,2026-10-02T13:28:27Z,complete,finalized,true,true,true,0,2026-10-02T13:59:47.157023Z,2026-10-02T13:59:47.804087Z,
0x0d2a56c7bc1d00cd65b78d97323d4d01c00d1b18392e1b11ec6aae23eff1785b,8453,receipts,research,,,,,error,head,true,true,true,0,2026-10-02T14:09:17.822359Z,2026-10-02T14:09:18.298831Z,rpc_transport_or_timeout
0x0dc4993fdba3d9e45a055d284dad05ff2f520297a36a5dce13282e7eb8af042c,42161,probes,catchup,,,,,partial,head,true,true,true,0,2026-10-02T14:01:58.484615Z,2026-10-02T14:01:58.486922Z,skipped_budget
0x0dea345b900843a2f913ba836d8bc470fd1e88d6e91e015cbc19a46f28453531,8453,receipts,research,52078161,52078161,2026-10-02T12:54:29Z,2026-10-02T12:54:29Z,complete,finalized,true,true,true,0,2026-10-02T13:25:00.449663Z,2026-10-02T13:25:01.144631Z,
0x0ef765e852d064376a59db1ddc1f21ab9c4fcb86a10fcd00eabea59463b73dc6,42161,logs,catchup,511001032,511001543,2026-10-02T13:43:05Z,2026-10-02T13:45:21Z,complete,finalized,true,true,true,0,2026-10-02T14:03:52.237022Z,2026-10-02T14:03:59.227319Z,
0x0f81ac25a6198472e0008f94fa8481589d3456b41b5e4010caddce8a4466a2fb,8453,logs,live,52080438,52080447,2026-10-02T14:10:23Z,2026-10-02T14:10:41Z,complete,head,true,true,true,0,2026-10-02T14:10:41.492807Z,2026-10-02T14:10:43.875298Z,
0x0f870b6844fbd1aefbb2de314e30522b3b2989aaf48dd5dd2bac7033aadb7ae8,8453,receipts,research,52079918,52079918,2026-10-02T13:53:03Z,2026-10-02T13:53:03Z,complete,head,true,true,true,0,2026-10-02T14:09:50.165235Z,2026-10-02T14:09:50.828297Z,
0x0ff1e86d27090a255c08b24ab5f4ea15f53e8e75fd2569eeedf7076e2cbd7e12,42161,probes,catchup,511005249,511005249,2026-10-02T14:01:33Z,2026-10-02T14:01:33Z,complete,head,true,true,true,0,2026-10-02T14:01:33.755696Z,2026-10-02T14:01:36.760988Z,
0x1085b7094f4545a061960942981980870099798b1f9e20ddfeabae55dff1141a,8453,receipts,research,52079584,52079584,2026-10-02T13:41:55Z,2026-10-02T13:41:55Z,complete,finalized,true,true,true,0,2026-10-02T14:01:15.484147Z,2026-10-02T14:01:16.149827Z,
0x10f050a3d8f63ece6a326886280472a52f0e11538bfba97f7bfde8038265eb7b,42161,probes,catchup,,,,,partial,head,true,true,true,0,2026-10-02T13:59:22.377995Z,2026-10-02T13:59:22.379328Z,skipped_budget
0x12a690cbf86b4c51e48c351b2e0eab2ac1c043822afa5a69612a56841e6e13c0,42161,logs,catchup,510995400,510995911,2026-10-02T13:18:16Z,2026-10-02T13:20:35Z,partial,finalized,true,true,true,8,2026-10-02T14:00:17.687615Z,2026-10-02T14:00:21.555357Z,implementation_unknown: rpc_method_error
0x1318fa8c1238f7964ee111d47aef10c47a4adda6d6d93319176c08e9732c7dd8,42161,probes,catchup,,,,,partial,head,true,true,true,0,2026-10-02T13:58:36.922071Z,2026-10-02T13:58:36.924851Z,skipped_budget
0x149acdfe5adef5602aff4d4a07ff1260ce90bc4f9585ce8d8d263947ec349a17,8453,receipts,research,52080399,52080399,2026-10-02T14:09:05Z,2026-10-02T14:09:05Z,complete,head,true,true,true,0,2026-10-02T14:09:27.230525Z,2026-10-02T14:09:27.883078Z,
0x14a780a5c5c4031b45f7d3b6bfc3273d011db7840ffc09f352d3b0b58d8680af,8453,receipts,research,52078126,52078126,2026-10-02T12:53:19Z,2026-10-02T12:53:19Z,complete,finalized,true,true,true,0,2026-10-02T13:27:13.99655Z,2026-10-02T13:27:14.661725Z,
0x14a8c4f9bbcfca8f0b22df940c2693ba4c647be45aed7b6762819679950c46d3,8453,logs,catchup,52080474,52080483,2026-10-02T14:11:35Z,2026-10-02T14:11:53Z,complete,head,true,true,true,0,2026-10-02T14:11:54.917618Z,2026-10-02T14:11:59.20151Z,
0x153ad17c245dc1e772aa359e1c441d0d31634cfbd2ad31df8080cad25b512892,42161,receipts,research,511001036,511001036,2026-10-02T13:43:06Z,2026-10-02T13:43:06Z,complete,finalized,true,true,true,0,2026-10-02T14:08:38.47869Z,2026-10-02T14:08:40.459763Z,
0x163cfd0fa89d989905dd977f116472a4d6c7e84477049bd63784c39bbcd97a89,8453,receipts,research,52078606,52078606,2026-10-02T13:09:19Z,2026-10-02T13:09:19Z,complete,finalized,true,true,true,0,2026-10-02T14:01:13.256564Z,2026-10-02T14:01:13.917731Z,
0x16dc6f1bd0e71fb3ee85d87ab16cf21594d060c04a7a8409387960a6b759db2d,8453,receipts,research,52078647,52078647,2026-10-02T13:10:41Z,2026-10-02T13:10:41Z,complete,finalized,true,true,true,0,2026-10-02T14:00:30.586437Z,2026-10-02T14:00:31.250835Z,
0x16fe08ccaf7c9e210239fc83e6a7c170c32f9bb24707cd9e80e2a7814c4df249,8453,receipts,research,52080331,52080331,2026-10-02T14:06:49Z,2026-10-02T14:06:49Z,complete,head,true,true,true,0,2026-10-02T14:09:49.487265Z,2026-10-02T14:09:50.152191Z,
0x1776b31eff0f8ac59db4f125e1a04ebfa0422cca3685b64e33fdb343c5b13edc,8453,probes,catchup,52080059,52080059,2026-10-02T13:57:45Z,2026-10-02T13:57:45Z,complete,head,true,true,true,0,2026-10-02T13:57:45.96597Z,2026-10-02T13:57:47.798567Z,
0x1825fdbb641939bf1aad387f4245a290ec5753b57cb296ceecce752c9ba7f94f,8453,logs,live,52080280,52080287,2026-10-02T14:05:07Z,2026-10-02T14:05:21Z,complete,head,true,true,true,0,2026-10-02T14:05:22.062172Z,2026-10-02T14:05:24.175982Z,
0x186867c8963f036868561f1415e9d322dcf5fe62ecd321588a7b79448ebb377b,42161,probes,catchup,,,,,partial,head,true,true,true,0,2026-10-02T14:00:26.718305Z,2026-10-02T14:00:26.721098Z,skipped_budget
0x1957d63436a39ee363de92a547cdc5407b440e9d674a931802351cc680c8177c,8453,receipts,research,52079533,52079533,2026-10-02T13:40:13Z,2026-10-02T13:40:13Z,complete,finalized,true,true,true,0,2026-10-02T14:00:12.014196Z,2026-10-02T14:00:12.687831Z,
0x19d6f5a0bd6633ed811356ccbc01729fc0da352d52da4672e6318eee908ba1e4,8453,logs,live,52080457,52080464,2026-10-02T14:11:01Z,2026-10-02T14:11:15Z,complete,head,true,true,true,0,2026-10-02T14:11:16.563594Z,2026-10-02T14:11:18.594673Z,
0x19fd5950381716349ac54b81acc73e4e20bcfc6f80183a28b83cca48c3192740,42161,receipts,research,510999524,510999524,2026-10-02T13:36:33Z,2026-10-02T13:36:33Z,complete,finalized,true,true,true,0,2026-10-02T14:03:06.710079Z,2026-10-02T14:03:07.963392Z,
0x1a30db47accc5ef7bc414e869ea199b5b11d5aebcedf33ce343b0eb71fe5d4a4,8453,receipts,research,52078074,52078074,2026-10-02T12:51:35Z,2026-10-02T12:51:35Z,complete,finalized,true,true,true,0,2026-10-02T13:27:05.466294Z,2026-10-02T13:27:06.147618Z,
0x1b40ecf4def77c0c5bfa8815a17364c4c3ddf763b263203adb066160a85c7373,42161,logs,catchup,510997960,510998471,2026-10-02T13:29:53Z,2026-10-02T13:32:05Z,partial,finalized,true,true,true,18,2026-10-02T14:02:12.806301Z,2026-10-02T14:02:20.016381Z,implementation_unknown: implementation_range_mismatch
0x1b489000848cf1dfc7239f82bc68fc4b58e810ddaf1da2d06c1c85d7c9418e6c,8453,receipts,research,52079425,52079425,2026-10-02T13:36:37Z,2026-10-02T13:36:37Z,complete,finalized,true,true,true,0,2026-10-02T14:06:12.498977Z,2026-10-02T14:06:13.171379Z,
0x1b64bfb988219847f74b45bcc20c4823b70a7dde6a23ccd5fc3c08c74cf26da9,8453,logs,live,52080430,52080437,2026-10-02T14:10:07Z,2026-10-02T14:10:21Z,complete,head,true,true,true,0,2026-10-02T14:10:21.647149Z,2026-10-02T14:10:23.607628Z,
0x1c8ae958c40bcd0c170c263729e262ebc13b254d18a977fa14b137b46423f542,8453,logs,catchup,52078961,52079472,2026-10-02T13:21:09Z,2026-10-02T13:38:11Z,complete,finalized,true,true,true,0,2026-10-02T13:57:58.018295Z,2026-10-02T13:58:02.559098Z,
0x1cd213350a27b8eb7bbd3a73c1a642171633241d4fc5c956caf0c55b01aad6c3,8453,receipts,research,52079117,52079117,2026-10-02T13:26:21Z,2026-10-02T13:26:21Z,complete,finalized,true,true,true,0,2026-10-02T14:05:18.200041Z,2026-10-02T14:05:18.859981Z,
0x1d3fe447d2298d95d65e75bbdfff599ebf6090481a2da415cd6c1f9b79d03271,8453,receipts,research,,,,,error,head,true,true,true,0,2026-10-02T13:57:57.667095Z,2026-10-02T13:57:57.729721Z,rpc_transport_or_timeout
0x1e5ff04a8de751270b4c3bf95bb53e8cc560c0949116bad0558b989ec2cc0251,42161,receipts,research,511004401,511004401,2026-10-02T13:57:49Z,2026-10-02T13:57:49Z,complete,head,true,true,true,0,2026-10-02T14:05:50.549338Z,2026-10-02T14:05:51.681367Z,
0x1ede152b277f3541b80780e3654031dbef1c3fe45c718b519638dbfef934cf81,8453,receipts,research,52079751,52079751,2026-10-02T13:47:29Z,2026-10-02T13:47:29Z,complete,finalized,true,true,true,0,2026-10-02T13:59:03.2722Z,2026-10-02T13:59:03.916719Z,
0x1f0ff3ddd0facae7bf3bc47c637d6d2de15192bca25e101bb6a371c9ba87070d,42161,probes,catchup,511004636,511004636,2026-10-02T13:58:52Z,2026-10-02T13:58:52Z,complete,head,true,true,true,0,2026-10-02T13:58:52.824603Z,2026-10-02T13:58:55.575709Z,
0x1f22181cfc1bfc1d8dee40774edc8e6e5747f58c29478436f6b7ce8c9d228f0e,8453,receipts,research,52079531,52079531,2026-10-02T13:40:09Z,2026-10-02T13:40:09Z,complete,finalized,true,true,true,0,2026-10-02T13:58:37.732306Z,2026-10-02T13:58:38.551024Z,
0x1f59944b037ce3fbdb12f91ca3c0a8a9b1d95af6001ca7185f92d71efd576dbd,42161,probes,catchup,,,,,partial,head,true,true,true,0,2026-10-02T13:58:37.608833Z,2026-10-02T13:58:37.609953Z,skipped_budget
0x1fa754a5b70d44c9af4bb02f081866c8b679a75d79d22c56e739542b0a8380e4,42161,probes,catchup,,,,,partial,head,true,true,true,0,2026-10-02T14:01:08.740268Z,2026-10-02T14:01:09.55899Z,rpc_error
0x201e86ca1ac76012f92957950ed9ba6122704ba26c964ffe654699ec1db9ef71,8453,receipts,research,52079009,52079009,2026-10-02T13:22:45Z,2026-10-02T13:22:45Z,complete,finalized,true,true,true,0,2026-10-02T14:06:23.386124Z,2026-10-02T14:06:24.034767Z,
0x203f936307cd2535350fd2d5be6dfd3c93f143ad4d4fda084b09cac2e1ddece1,8453,receipts,research,52079396,52079396,2026-10-02T13:35:39Z,2026-10-02T13:35:39Z,complete,finalized,true,true,true,0,2026-10-02T14:09:31.392987Z,2026-10-02T14:09:32.074147Z,
0x206f898986ad0db368762e3aa294ac4236c341e7652fe520e84a7f2e2e990a25,42161,probes,catchup,,,,,partial,head,true,true,true,0,2026-10-02T13:58:58.591799Z,2026-10-02T13:58:58.592843Z,skipped_budget
0x20a21ddd837a3316c9240ffe4982c7b1d6a8d7c0e591703bf2690fca21caa9c4,42161,logs,catchup,511006703,511006754,2026-10-02T14:07:52Z,2026-10-02T14:08:05Z,complete,head,true,true,true,0,2026-10-02T14:08:06.954993Z,2026-10-02T14:08:12.047524Z,
0x215aa6fe0f9da2417b224c522ef66ee16fb355f3b87ad2ecd2d8d0e7707fddb3,8453,receipts,research,52080427,52080427,2026-10-02T14:10:01Z,2026-10-02T14:10:01Z,complete,head,true,true,true,0,2026-10-02T14:10:38.315887Z,2026-10-02T14:10:39.588743Z,
0x2161467bdf5b9bb121f7f3cd52c32c6d495207d202046e41af2caeb38bed03f6,42161,logs,catchup,511001544,511002055,2026-10-02T13:45:21Z,2026-10-02T13:47:35Z,complete,finalized,true,true,true,0,2026-10-02T14:04:08.824789Z,2026-10-02T14:04:16.37664Z,
0x22319c3db2571a582c790f1cc21d015ff68ffaa8b2746089632b564d448945ba,42161,receipts,research,,,,,error,head,true,true,true,0,2026-10-02T14:10:59.874725Z,2026-10-02T14:11:00.917022Z,rpc_transport_or_timeout
0x22bf69ef235ea559059df6473f39a0b50ab872c533dd5ff1d645f36506132d4a,8453,receipts,research,52079981,52079981,2026-10-02T13:55:09Z,2026-10-02T13:55:09Z,complete,head,true,true,true,0,2026-10-02T14:08:14.744547Z,2026-10-02T14:08:15.531878Z,
0x22d5bee8d3819ed49a30448b2c69feda933236509dfd1383cd472c40cd06b104,8453,receipts,research,52078236,52078236,2026-10-02T12:56:59Z,2026-10-02T12:56:59Z,complete,finalized,true,true,true,0,2026-10-02T13:27:11.707489Z,2026-10-02T13:27:12.512811Z,
0x23b75c477d13068d61f37f2f57344bba250bb36a62091f0a227e50cc28c2afaa,8453,logs,live,52080100,52080110,2026-10-02T13:59:07Z,2026-10-02T13:59:27Z,complete,head,true,true,true,0,2026-10-02T13:59:28.015816Z,2026-10-02T13:59:30.462176Z,
0x2427509cbfef8ecd2d9fdc9e96b6d024a628f3d25456b07f0281b20fcb885cbd,42161,probes,catchup,511004648,511004648,2026-10-02T13:58:55Z,2026-10-02T13:58:55Z,partial,head,true,true,true,0,2026-10-02T13:58:55.71415Z,2026-10-02T13:58:58.03601Z,rpc_error
0x2475f1a33b1f6627f5b00fdb8882e95273b42eb7c36b6c5f88ca712d0c3915ee,8453,receipts,research,52079468,52079468,2026-10-02T13:38:03Z,2026-10-02T13:38:03Z,complete,finalized,true,true,true,0,2026-10-02T13:58:15.596489Z,2026-10-02T13:58:16.249461Z,
0x24d260193958fc99032c3849f27d61c1c377de19e6f1dd74b64625a5796a35cc,8453,receipts,research,52080054,52080054,2026-10-02T13:57:35Z,2026-10-02T13:57:35Z,complete,head,true,true,true,0,2026-10-02T14:08:02.541756Z,2026-10-02T14:08:03.212274Z,
0x251a4c119e6ce536edba08f416edb2ca2740e3378bc8b9322e8425d47924116e,8453,receipts,research,52077971,52077971,2026-10-02T12:48:09Z,2026-10-02T12:48:09Z,complete,finalized,true,true,true,0,2026-10-02T13:24:38.042753Z,2026-10-02T13:24:38.72691Z,
0x255f7f839f46c175ae22482091a558fd1f2ff86f16cbbec714497c7f02a2c043,42161,receipts,research,,,,,error,head,true,true,true,0,2026-10-02T14:11:53.967073Z,2026-10-02T14:11:54.698485Z,rpc_transport_or_timeout
0x259476145bbee943d5e0a9298af11bc3cb63b2874db671402652bd6b72f9afa3,8453,receipts,research,52078398,52078398,2026-10-02T13:02:23Z,2026-10-02T13:02:23Z,complete,finalized,true,true,true,0,2026-10-02T13:24:30.88987Z,2026-10-02T13:24:31.568849Z,
0x25a0907eb8f7aa9f62c54939280d95e1325fafd3d2f0b8606b6e8c8607342092,42161,receipts,research,510997377,510997377,2026-10-02T13:27:13Z,2026-10-02T13:27:13Z,complete,finalized,true,true,true,0,2026-10-02T14:06:41.284324Z,2026-10-02T14:06:43.09285Z,
0x261ec0b21869467ce75c90fb9387b4d6a644db0f80ff408ec5be39c633d32e22,8453,probes,catchup,52080274,52080274,2026-10-02T14:04:55Z,2026-10-02T14:04:55Z,complete,head,true,true,true,0,2026-10-02T14:04:55.849693Z,2026-10-02T14:04:57.305237Z,
0x2772ec07dd7993140dd60c6d2e275749b535934572f178716ed071732b905244,8453,receipts,research,52079881,52079881,2026-10-02T13:51:49Z,2026-10-02T13:51:49Z,complete,head,true,true,true,0,2026-10-02T14:03:25.483427Z,2026-10-02T14:03:26.154681Z,
0x281c4dc1042f72281df3fadd19e0324f449283516ec21a197de82b5b1687a57f,42161,probes,catchup,511004464,511004464,2026-10-02T13:58:05Z,2026-10-02T13:58:05Z,complete,head,true,true,true,0,2026-10-02T13:58:06.649825Z,2026-10-02T13:58:09.817648Z,
0x29547b7bcbe03d86d5f3a605ad755e6bb7ef2bdea476f29b6f6096003849f634,42161,receipts,research,510997021,510997021,2026-10-02T13:25:37Z,2026-10-02T13:25:37Z,complete,finalized,true,true,true,0,2026-10-02T14:01:58.627379Z,2026-10-02T14:02:00.858213Z,
0x2a0ccf5ded834a249cfe24920d39b4554354052d361af2aa846e747eb2b71949,8453,probes,catchup,52080254,52080254,2026-10-02T14:04:15Z,2026-10-02T14:04:15Z,complete,head,true,true,true,0,2026-10-02T14:04:16.460914Z,2026-10-02T14:04:17.962428Z,
0x2a6f44c07ead3539f6aede5a076b8fdb85ea008031db677bbee948dda06b188a,8453,probes,catchup,52080343,52080343,2026-10-02T14:07:13Z,2026-10-02T14:07:13Z,partial,head,true,true,true,0,2026-10-02T14:07:12.881888Z,2026-10-02T14:07:14.139747Z,rpc_error
0x2a81ce5d735c1552984776452f959dc207d0950fc1df64eb7a3bc794f21c36b0,42161,receipts,research,511005770,511005770,2026-10-02T14:03:48Z,2026-10-02T14:03:48Z,complete,head,true,true,true,0,2026-10-02T14:06:38.420934Z,2026-10-02T14:06:39.831563Z,
0x2af00db3b3c142b9e10399ef6b0a3aa307b32504e72d940d6d6c0e02a79cd821,8453,logs,catchup,52080155,52080164,2026-10-02T14:00:57Z,2026-10-02T14:01:15Z,complete,head,true,true,true,0,2026-10-02T14:01:18.237794Z,2026-10-02T14:01:20.744Z,
0x2b43aa0a0a818a6a504672098833d737c140f73adbb67c65e436ac31809bfc9e,8453,receipts,research,52079440,52079440,2026-10-02T13:37:07Z,2026-10-02T13:37:07Z,complete,finalized,true,true,true,0,2026-10-02T14:07:18.567046Z,2026-10-02T14:07:19.383265Z,
0x2b4bc88eeb0ab4b67fe455d6edc760fd3421178ccc9e086c4a1d46247c292d08,8453,receipts,research,52079849,52079849,2026-10-02T13:50:45Z,2026-10-02T13:50:45Z,complete,head,true,true,true,0,2026-10-02T14:08:03.228592Z,2026-10-02T14:08:03.903207Z,
0x2c481bfb856e95e41f0ad86677836601181a43f8fc7e65f92734d4c03f3abe43,42161,probes,catchup,,,,,partial,head,true,true,true,0,2026-10-02T14:00:50.795292Z,2026-10-02T14:00:50.797259Z,skipped_budget
0x2cbac977f74cdf7d2bbe38a660b35650904b5e8d0469990feca97731edd5df50,42161,receipts,research,511000147,511000147,2026-10-02T13:39:12Z,2026-10-02T13:39:12Z,complete,finalized,true,true,true,0,2026-10-02T14:11:29.961046Z,2026-10-02T14:11:31.82202Z,
0x2d35e98675c8c2e5e0440676fa142585ff21c9ff085af42cd3f093a2fac1f498,42161,probes,catchup,511005135,511005135,2026-10-02T14:01:03Z,2026-10-02T14:01:03Z,partial,head,true,true,true,0,2026-10-02T14:01:04.556602Z,2026-10-02T14:01:08.718935Z,stale_head
0x2df07aa55d14f9a53e656a000db1f7d3fd8f32a2bad02a1d8389d0428982cec9,8453,receipts,research,52078938,52078938,2026-10-02T13:20:23Z,2026-10-02T13:20:23Z,complete,finalized,true,true,true,0,2026-10-02T13:57:56.977198Z,2026-10-02T13:57:57.654715Z,
0x2e05de2d0fac4361f3677cc46d43a717d397472f5720da1fceab9ed0468cc40d,8453,receipts,research,52080094,52080094,2026-10-02T13:58:55Z,2026-10-02T13:58:55Z,complete,head,true,true,true,0,2026-10-02T14:08:51.930334Z,2026-10-02T14:08:52.615506Z,
0x2e4ca1f19a7f3043e83a24006b78953fe46b0ff0698baeb9993b29f6e4baa812,8453,logs,live,,,,,error,head,true,true,true,0,2026-10-02T14:06:46.213623Z,2026-10-02T14:06:46.415789Z,rpc_method_error
0x2f6c5b9ffd1dc99360f0cb3be3df2141f13bd4e43de0028ea5bc5a7e1b9e6bf6,8453,probes,catchup,52080227,52080227,2026-10-02T14:03:21Z,2026-10-02T14:03:21Z,complete,head,true,true,true,0,2026-10-02T14:03:20.662796Z,2026-10-02T14:03:22.270453Z,
0x30c0fd9d48be974ad8edc8e1d693545198f1459fb784af1d3a9d9563a2a20b84,42161,logs,backfill,510991304,510991815,2026-10-02T13:00:02Z,2026-10-02T13:02:21Z,complete,finalized,true,true,true,0,2026-10-02T13:26:43.760693Z,2026-10-02T13:26:57.179448Z,
0x30e1d6d932c30bdc16e087dd5625dae89d5aafd19cf76ff715ccb6c209e0cd27,8453,logs,live,52080250,52080258,2026-10-02T14:04:07Z,2026-10-02T14:04:23Z,complete,head,true,true,true,0,2026-10-02T14:04:24.540709Z,2026-10-02T14:04:26.536431Z,
0x30f55edcddbee0f37a761f60a2947bf1257bb7374abc5c779a466731349b16aa,42161,logs,catchup,511004104,511004615,2026-10-02T13:56:32Z,2026-10-02T13:58:46Z,complete,head,true,true,true,0,2026-10-02T14:05:43.068583Z,2026-10-02T14:05:50.522353Z,
0x3108bd91e3c46640d59e8ca7c75e2e2eef5b84577d0c387fdcf9caddecda61c4,8453,receipts,research,52078077,52078077,2026-10-02T12:51:41Z,2026-10-02T12:51:41Z,complete,finalized,true,true,true,0,2026-10-02T13:24:45.677668Z,2026-10-02T13:24:46.390467Z,
0x317997472a2b13dd3dba8885487dfc88de02283388e121ea159d3f147751d811,8453,receipts,research,52080096,52080096,2026-10-02T13:58:59Z,2026-10-02T13:58:59Z,complete,head,true,true,true,0,2026-10-02T14:05:38.270085Z,2026-10-02T14:05:38.922145Z,
0x3188115dbdc16f2c52dd783bd96d334c8e92901ac4136c682268426c726a9c84,8453,logs,catchup,52080179,52080188,2026-10-02T14:01:45Z,2026-10-02T14:02:03Z,complete,head,true,true,true,0,2026-10-02T14:02:06.627892Z,2026-10-02T14:02:09.06981Z,
0x31934105d759b3a1c315367025f8a8ef619c51f15379a8887b5ceffafeacd8ff,8453,receipts,research,,,,,error,head,true,true,true,0,2026-10-02T14:10:18.281599Z,2026-10-02T14:10:18.480718Z,rpc_method_error
0x32deb136533f8ff20d938a28416889a90db03cad074616c39e1f624d162e8912,42161,receipts,research,511007314,511007314,2026-10-02T14:10:27Z,2026-10-02T14:10:27Z,complete,head,true,true,true,0,2026-10-02T14:10:56.617324Z,2026-10-02T14:10:57.937141Z,
0x339650de805b907a57940e3b765a2555704c2c9c96271cf14b7e08ba9e3781d7,8453,logs,live,52080320,52080336,2026-10-02T14:06:27Z,2026-10-02T14:06:59Z,complete,head,true,true,true,0,2026-10-02T14:07:01.192031Z,2026-10-02T14:07:03.352856Z,
0x34b094315ce26c69d5ceb29a59fad99866f9563cf068286e40ea72a58d7223e3,8453,logs,live,52080465,52080473,2026-10-02T14:11:17Z,2026-10-02T14:11:33Z,complete,head,true,true,true,0,2026-10-02T14:11:33.806476Z,2026-10-02T14:11:36.186516Z,
0x34b88f05cfcf7909d510e01816360c4e9a503d07f31c538b2910c10f462e1311,8453,logs,live,52080288,52080296,2026-10-02T14:05:23Z,2026-10-02T14:05:39Z,complete,head,true,true,true,0,2026-10-02T14:05:40.464526Z,2026-10-02T14:05:42.65878Z,
0x35513146fda505f29cf09b1aac01cea90304fe421db7af03c6a8ec59c1dc89dc,8453,receipts,research,52079927,52079927,2026-10-02T13:53:21Z,2026-10-02T13:53:21Z,complete,head,true,true,true,0,2026-10-02T14:10:03.898704Z,2026-10-02T14:10:04.690003Z,
0x3571f349f8e126fab47f81f933fd2f29e327310b33d1fcce90958411ed8d98fe,8453,receipts,research,52078330,52078330,2026-10-02T13:00:07Z,2026-10-02T13:00:07Z,complete,finalized,true,true,true,0,2026-10-02T13:27:09.265371Z,2026-10-02T13:27:10.225381Z,
0x36a49a50bb15537049f898e3daa2a8c895d4d617f42f4127913a198254b861f5,8453,receipts,research,,,,,error,head,true,true,true,0,2026-10-02T14:07:51.146195Z,2026-10-02T14:07:51.299395Z,rpc_transport_or_timeout
0x375fd83f55c02d1c3b7731f26bdb966dbe9c775878df75c5679dc198a5f74427,42161,probes,catchup,,,,,partial,head,true,true,true,0,2026-10-02T13:58:37.156487Z,2026-10-02T13:58:37.188513Z,skipped_budget
0x37e2af03f0b76bd5b428afda4d695ea18d92b1d9f38a34d04c6800878b7a0f6f,8453,receipts,research,52078592,52078592,2026-10-02T13:08:51Z,2026-10-02T13:08:51Z,complete,finalized,true,true,true,0,2026-10-02T14:07:36.63454Z,2026-10-02T14:07:37.312069Z,
0x387719279f86cafb66011f972a8fda82c04442e57bdb40285dbc543a3642b034,8453,receipts,research,52079357,52079357,2026-10-02T13:34:21Z,2026-10-02T13:34:21Z,complete,finalized,true,true,true,0,2026-10-02T14:00:50.921965Z,2026-10-02T14:00:51.579146Z,
0x38be7ec2dc2bc4ddb7f5d4f41fbd540999928feb1fcafe5a8b897524cdae182e,8453,receipts,research,52080462,52080462,2026-10-02T14:11:11Z,2026-10-02T14:11:11Z,complete,head,true,true,true,0,2026-10-02T14:11:28.565723Z,2026-10-02T14:11:29.259358Z,
0x39515b6494f0d2ae73297add92f5ab543d933bac175034dc2645f848a1962ead,42161,logs,catchup,511006755,511006813,2026-10-02T14:08:05Z,2026-10-02T14:08:20Z,complete,head,true,true,true,0,2026-10-02T14:08:24.879414Z,2026-10-02T14:08:31.292209Z,
0x395f9cf01ac710c1695491fc3c8c8d4b6ff145e91673583f5b898e1ac03a4ff7,8453,receipts,research,52077984,52077984,2026-10-02T12:48:35Z,2026-10-02T12:48:35Z,complete,finalized,true,true,true,0,2026-10-02T13:27:04.74552Z,2026-10-02T13:27:05.42965Z,
0x3a10594311da2289b1f2b482f7ebbec28ec8f0f93b392f204fa181a1d87b70b3,42161,receipts,research,511000464,511000464,2026-10-02T13:40:37Z,2026-10-02T13:40:37Z,complete,finalized,true,true,true,0,2026-10-02T14:09:03.720983Z,2026-10-02T14:09:04.904166Z,
0x3a5d70265430465b6ac1c9b390ffc87bb69889d7d7d8386cd57243480e4e91c2,42161,probes,catchup,511004377,511004377,2026-10-02T13:57:43Z,2026-10-02T13:57:43Z,complete,head,true,true,true,0,2026-10-02T13:57:43.743451Z,2026-10-02T13:57:45.898954Z,
0x3a6c70fdf6fffc2da711dbe86c1453e62d86d2acc4c89d1fe49d0720cc17edf0,8453,logs,live,,,,,error,head,true,true,true,0,2026-10-02T14:06:46.002306Z,2026-10-02T14:06:46.203595Z,rpc_method_error
0x3aaa0b5d908f2dd236052833dcde458d362550b7a82d58f53046b5a104e4161d,8453,receipts,research,52078985,52078985,2026-10-02T13:21:57Z,2026-10-02T13:21:57Z,complete,finalized,true,true,true,0,2026-10-02T14:09:16.428469Z,2026-10-02T14:09:17.08303Z,
0x3ae9c4c20ca98f8496df25edbbf6ef07bb0f08caf6973e451cc2cfcb95b271ac,8453,receipts,research,,,,,error,head,true,true,true,0,2026-10-02T14:00:14.788664Z,2026-10-02T14:00:14.811581Z,rpc_transport_or_timeout
0x3aea5fc652f07586c53af35bedd120c30acc34cbabbee51d7c228d310bae5c74,8453,receipts,research,52078208,52078208,2026-10-02T12:56:03Z,2026-10-02T12:56:03Z,complete,finalized,true,true,true,0,2026-10-02T13:27:06.197027Z,2026-10-02T13:27:06.893157Z,
0x3af65c14889fed585c0d17dc537e662b4a8cc959ff5fbc9fa1ee1aa05ff98b7a,8453,receipts,research,,,,,error,head,true,true,true,0,2026-10-02T14:07:59.328864Z,2026-10-02T14:07:59.535035Z,rpc_method_error
0x3b1abdc4acecbcd8d8bd2b4f8c900ad6f39f377c0ba924e043e9064792620c66,42161,probes,catchup,,,,,partial,head,true,true,true,0,2026-10-02T14:00:06.029659Z,2026-10-02T14:00:06.097151Z,skipped_budget
0x3c64b82d2dccc7048126fc6a4d6c78740471dd13d35c9822e770583f928acd53,42161,logs,catchup,511006434,511006510,2026-10-02T14:06:43Z,2026-10-02T14:07:02Z,complete,head,true,true,true,0,2026-10-02T14:07:03.808886Z,2026-10-02T14:07:11.237993Z,
0x3c6abd339127d170ad5398b5a79004d3c69381cec15017f2e5dc12d25f3e7876,42161,probes,catchup,,,,,partial,head,true,true,true,0,2026-10-02T13:58:58.334345Z,2026-10-02T13:58:58.335149Z,skipped_budget
0x3cf45b7cadbc7920428beb6b454968a069f34cdae0de2dbd9049fff8b7044575,8453,receipts,research,52079334,52079334,2026-10-02T13:33:35Z,2026-10-02T13:33:35Z,complete,finalized,true,true,true,0,2026-10-02T14:02:51.342891Z,2026-10-02T14:02:52.042417Z,
0x3d4f17ace9b0c95da2ac916e8cd36564dbc0861b4d8abb243e395afbd6ab8eab,8453,receipts,research,52079343,52079343,2026-10-02T13:33:53Z,2026-10-02T13:33:53Z,complete,finalized,true,true,true,0,2026-10-02T14:10:03.23147Z,2026-10-02T14:10:03.885532Z,
0x3d7c9d052f60639fa81a959d579fbdb89f749f1e045634ed260b085cbace6ca7,8453,receipts,research,52079685,52079685,2026-10-02T13:45:17Z,2026-10-02T13:45:17Z,complete,finalized,true,true,true,0,2026-10-02T13:59:45.064322Z,2026-10-02T13:59:45.805111Z,
0x3dbdaed1955e85607268b6e812fa730daeedbbab14d838c25b3ef7f2328affdd,8453,receipts,research,52078562,52078562,2026-10-02T13:07:51Z,2026-10-02T13:07:51Z,complete,finalized,true,true,true,0,2026-10-02T14:00:55.143791Z,2026-10-02T14:00:55.795704Z,
0x3e780aefd36242ec19aff8358091e29d82042946d8f09d0d6fd3220ef193b0ca,8453,receipts,research,52078717,52078717,2026-10-02T13:13:01Z,2026-10-02T13:13:01Z,complete,finalized,true,true,true,0,2026-10-02T14:07:32.714632Z,2026-10-02T14:07:33.372818Z,
0x3eaabc0248107ced208fee2764fdc4796dbc7c306fc43f03f26080f6f3ea1930,8453,logs,live,52080314,52080319,2026-10-02T14:06:15Z,2026-10-02T14:06:25Z,complete,head,true,true,true,0,2026-10-02T14:06:26.587467Z,2026-10-02T14:06:28.670099Z,
0x3eb8a3f53da7e6a199cb4913cbb8775c6a74aa85e9599557258c8c9aa8d1bd3c,42161,receipts,research,511000562,511000562,2026-10-02T13:41:03Z,2026-10-02T13:41:03Z,complete,finalized,true,true,true,0,2026-10-02T14:03:44.589902Z,2026-10-02T14:03:46.942145Z,
0x3edd2203a13b29f97b762aebaeae55e78c08e199cb6013629eff56698892e0b0,8453,probes,catchup,52080442,52080442,2026-10-02T14:10:31Z,2026-10-02T14:10:31Z,complete,head,true,true,true,0,2026-10-02T14:10:31.195171Z,2026-10-02T14:10:33.349603Z,
0x4032f205d415e994149e3b42f0be2c608008a7df584e00aaeac2d00f8f622bd2,42161,logs,catchup,511003080,511003591,2026-10-02T13:52:01Z,2026-10-02T13:54:18Z,complete,head,true,true,true,0,2026-10-02T14:05:07.985173Z,2026-10-02T14:05:15.222332Z,
0x40aeea7b7a27b9651e5ae017d98e2b249ba21f69877103b58a91470d3fb11fb3,8453,receipts,research,52078341,52078341,2026-10-02T13:00:29Z,2026-10-02T13:00:29Z,complete,finalized,true,true,true,0,2026-10-02T13:24:34.463354Z,2026-10-02T13:24:35.140492Z,
0x40c31a11265b150081010eb9e84ab5c0b336faa90168e2f2653bb508b8f87b00,42161,probes,catchup,,,,,partial,head,true,true,true,0,2026-10-02T14:00:05.906661Z,2026-10-02T14:00:05.907581Z,skipped_budget
0x418a0432b86ef835ea2bb4e288b1343ecdc732c332da0810a9a0ba6919215661,8453,receipts,research,52078151,52078151,2026-10-02T12:54:09Z,2026-10-02T12:54:09Z,complete,finalized,true,true,true,0,2026-10-02T13:27:14.675703Z,2026-10-02T13:27:15.379769Z,
0x41f682ab79d735bdf28e3272cc26eef8d89782d090f6f83505c41a2bdc1037f5,8453,receipts,research,52080017,52080017,2026-10-02T13:56:21Z,2026-10-02T13:56:21Z,complete,head,true,true,true,0,2026-10-02T14:00:28.444521Z,2026-10-02T14:00:29.095188Z,
0x4248a1790a0b58cfb147f38f3f9044999dd2f22d2920990c54937c881b488b0f,8453,receipts,research,52078152,52078152,2026-10-02T12:54:11Z,2026-10-02T12:54:11Z,complete,finalized,true,true,true,0,2026-10-02T13:24:27.814484Z,2026-10-02T13:24:28.524777Z,
0x4343d698117718b45a92e5772b57172407896b77362bf2d7b2953c391424a6bf,42161,receipts,research,,,,,error,head,true,true,true,0,2026-10-02T14:04:03.410319Z,2026-10-02T14:04:05.907333Z,rpc_response_read_timeout
0x43dcc625cbb27ed11aa9dfc1df9cbd548d2f739910cb97c048991ac331a37b3b,8453,receipts,research,52080027,52080027,2026-10-02T13:56:41Z,2026-10-02T13:56:41Z,complete,head,true,true,true,0,2026-10-02T13:59:00.21384Z,2026-10-02T13:59:00.877898Z,
0x44e4f9579f42bc45fb8d53669358288d6bb57e2b186a46c1edac7a680bfc831a,8453,logs,live,52080423,52080429,2026-10-02T14:09:53Z,2026-10-02T14:10:05Z,complete,head,true,true,true,0,2026-10-02T14:10:05.717468Z,2026-10-02T14:10:07.752775Z,
0x458b55a9d1fcb5d99dd7c6dbd96ea1541850ee85e97b0c940db94174b502f65f,8453,logs,live,52080134,52080142,2026-10-02T14:00:15Z,2026-10-02T14:00:31Z,complete,head,true,true,true,0,2026-10-02T14:00:33.606669Z,2026-10-02T14:00:35.802532Z,
0x45ab739218757be3f3b849a64715a451210b4a29d6ed0c10200e9e3e11864a8b,42161,receipts,research,510996397,510996397,2026-10-02T13:22:48Z,2026-10-02T13:22:48Z,complete,finalized,true,true,true,0,2026-10-02T14:10:01.876402Z,2026-10-02T14:10:03.213448Z,
0x45c19829c76e6e18ae359e2e5415f421aa40aec327fbe2886d4cd609d8f0b828,42161,logs,catchup,511006591,511006647,2026-10-02T14:07:24Z,2026-10-02T14:07:38Z,complete,head,true,true,true,0,2026-10-02T14:07:40.411449Z,2026-10-02T14:07:46.283275Z,
0x4600c2aebbc085869689f0034c38012e1cec717389c4ac0e1933f7543bf83b70,8453,receipts,research,52078143,52078143,2026-10-02T12:53:53Z,2026-10-02T12:53:53Z,complete,finalized,true,true,true,0,2026-10-02T13:25:02.606626Z,2026-10-02T13:25:03.323292Z,
0x464f4cc5be36a1c6c40b207a3a15a44b988abe59b6ada6e25b48786e86ce30ad,8453,logs,live,52080143,52080154,2026-10-02T14:00:33Z,2026-10-02T14:00:55Z,complete,head,true,true,true,0,2026-10-02T14:00:56.216635Z,2026-10-02T14:00:58.701942Z,
0x46a12876ef7681cf1e6fb7b8ca886488f87e1c671e3b26f4afcbb12c63564563,42161,probes,catchup,511006158,511006158,2026-10-02T14:05:31Z,2026-10-02T14:05:31Z,complete,head,true,true,true,0,2026-10-02T14:05:31.789747Z,2026-10-02T14:05:35.221387Z,
0x46a5991b608ba90c1f4351c48c071e97b9953e7e96fc46225617883eb96a0297,8453,receipts,research,,,,,error,head,true,true,true,0,2026-10-02T14:09:04.917566Z,2026-10-02T14:09:05.121183Z,rpc_method_error
0x46e4be2f05a29e15dc95bc82248f1fbe2a2862d9aa5374e23d5cb514acaf499e,8453,receipts,research,52079336,52079336,2026-10-02T13:33:39Z,2026-10-02T13:33:39Z,complete,finalized,true,true,true,0,2026-10-02T13:58:13.573155Z,2026-10-02T13:58:14.243268Z,
0x47649bc894b6001d5a2d6a4c4a075a2497c49c310665e2cd1da6704b018de406,8453,probes,catchup,52080352,52080352,2026-10-02T14:07:31Z,2026-10-02T14:07:31Z,complete,head,true,true,true,0,2026-10-02T14:07:30.944889Z,2026-10-02T14:07:32.640576Z,
0x48331ed451c2dda18ad1b13edb483328a533e8103bfb4512c8102dfb9f4fe77b,8453,receipts,research,52078320,52078320,2026-10-02T12:59:47Z,2026-10-02T12:59:47Z,complete,finalized,true,true,true,0,2026-10-02T13:27:16.873696Z,2026-10-02T13:27:17.540977Z,
0x4897191bbd0a94b098d7975534a8e09c71a64dc48cac8c535bbb5ed24f2d61b2,8453,receipts,research,,,,,error,head,true,true,true,0,2026-10-02T13:59:26.912956Z,2026-10-02T13:59:27.774055Z,rpc_transport_or_timeout
0x4b983b3559a7931b0781ff75de677670c2f232c35bb765b587f631122f18a3c3,8453,receipts,research,52079980,52079980,2026-10-02T13:55:07Z,2026-10-02T13:55:07Z,complete,head,true,true,true,0,2026-10-02T14:02:54.150605Z,2026-10-02T14:02:54.812752Z,
0x4bdc5df8f206c94488791ed4565aea06d87c3c4f158e357ad84a03e24b7c52a8,8453,logs,live,52080356,52080362,2026-10-02T14:07:39Z,2026-10-02T14:07:51Z,complete,head,true,true,true,0,2026-10-02T14:07:51.583385Z,2026-10-02T14:07:53.36253Z,
0x4c283dbe613442eb389cbf500f3958101dd5410d3d707de5c92cbb1003e67eab,42161,receipts,research,511002531,511002531,2026-10-02T13:49:39Z,2026-10-02T13:49:39Z,complete,finalized,true,true,true,0,2026-10-02T14:04:39.302562Z,2026-10-02T14:04:40.701853Z,
0x4cb48dbaa623a043634a029d1c7209e37bedd0961752a7167a3f5c036870253c,8453,receipts,research,,,,,error,head,true,true,true,0,2026-10-02T14:07:59.767505Z,2026-10-02T14:07:59.998758Z,rpc_method_error
0x4ce16e25f54b93d54af11da81101163b3cfb5247e52ac722587ea217e9b650e8,42161,logs,catchup,511007004,511007052,2026-10-02T14:09:07Z,2026-10-02T14:09:19Z,complete,head,true,true,true,0,2026-10-02T14:09:21.636549Z,2026-10-02T14:09:27.216124Z,
0x4e2dba2a8b34d36a9438808ecec47aede0533c0bc14f50cb58dfd66c97c2ce84,42161,logs,catchup,510993352,510993863,2026-10-02T13:09:08Z,2026-10-02T13:11:25Z,partial,finalized,true,true,true,8,2026-10-02T13:58:46.303498Z,2026-10-02T13:58:52.814236Z,implementation_unknown: rpc_method_error
0x4e2eb47237cc7f2144aef36bbfd95796988bfed2df63c2f6b86302fd04b776b1,42161,probes,catchup,,,,,partial,head,true,true,true,0,2026-10-02T13:58:11.674894Z,2026-10-02T13:58:11.679126Z,skipped_budget
0x4e623d1071476eb14aca0ed48b25705c16bc8719cd074e0e0ee25bf29fd7d8d1,8453,receipts,research,52079915,52079915,2026-10-02T13:52:57Z,2026-10-02T13:52:57Z,complete,head,true,true,true,0,2026-10-02T14:04:22.968255Z,2026-10-02T14:04:23.622238Z,
0x4e77f6d97a79e293ce2031b3737bc2d9aec6ff72727e63214e88e2d1613fdea0,42161,receipts,research,511000936,511000936,2026-10-02T13:42:41Z,2026-10-02T13:42:41Z,complete,finalized,true,true,true,0,2026-10-02T14:04:40.721344Z,2026-10-02T14:04:41.850493Z,
0x4eba9732fd71e0b94de323887630f7b545a07805af17c91282c4a7f7af437671,8453,logs,live,52080484,52080495,2026-10-02T14:11:55Z,2026-10-02T14:12:17Z,complete,head,true,true,true,0,2026-10-02T14:12:19.192608Z,2026-10-02T14:12:21.549562Z,
0x4ebcc5b0fc0effddbb4a4911c94df4d9db43a9d4d31d7c5c29f68130dbee8981,8453,receipts,research,52078225,52078225,2026-10-02T12:56:37Z,2026-10-02T12:56:37Z,complete,finalized,true,true,true,0,2026-10-02T13:27:01.443473Z,2026-10-02T13:27:02.302181Z,
0x4ebed25120e2825d096775ce125cb047623e00e32bf3940cab4a31e237d17c8d,42161,receipts,research,,,,,error,head,true,true,true,0,2026-10-02T14:08:16.243525Z,2026-10-02T14:08:17.062757Z,rpc_transport_or_timeout
0x4ecdd7c377634f3f0bc5f2f8acdd2845b7d27fd2e7291ef2c611239b4eed1373,8453,receipts,research,52078840,52078840,2026-10-02T13:17:07Z,2026-10-02T13:17:07Z,complete,finalized,true,true,true,0,2026-10-02T14:02:41.420527Z,2026-10-02T14:02:42.134424Z,
0x4f6d1a5fa36b53aed67080d5f7c414d7d7a83b64bfe30ad4d18cad2434b76e94,8453,receipts,research,52080030,52080030,2026-10-02T13:56:47Z,2026-10-02T13:56:47Z,complete,head,true,true,true,0,2026-10-02T14:08:54.671195Z,2026-10-02T14:08:55.329433Z,
0x4f909da7b11fa401f58735926f251600d2a22f8ef4d62c090c517ad6ce226607,8453,receipts,research,52078002,52078002,2026-10-02T12:49:11Z,2026-10-02T12:49:11Z,complete,finalized,true,true,true,0,2026-10-02T13:24:43.598666Z,2026-10-02T13:24:44.282313Z,
0x4f96ce90e1e7ec09e4668d7a7ea8a57e7ec6eec7745202455844f28cb4a0bf03,8453,receipts,research,52078888,52078888,2026-10-02T13:18:43Z,2026-10-02T13:18:43Z,complete,finalized,true,true,true,0,2026-10-02T14:06:58.001493Z,2026-10-02T14:06:58.662362Z,
0x4fb9ef7a713ebc9bd0a2e2a3c1d5117cebf5b43dbec10f2ef879b24e4e0e4730,8453,receipts,research,52077955,52077955,2026-10-02T12:47:37Z,2026-10-02T12:47:37Z,complete,finalized,true,true,true,0,2026-10-02T13:24:37.366497Z,2026-10-02T13:24:38.028669Z,
0x4fbaf2ab4e30629a9e09881e96e329e88102d7fa7fbfb7ad3e548ccc272f462c,8453,probes,catchup,52080275,52080275,2026-10-02T14:04:57Z,2026-10-02T14:04:57Z,partial,head,true,true,true,0,2026-10-02T14:04:57.321954Z,2026-10-02T14:04:58.571985Z,rpc_error
0x4ff572f465a97a249cebc0500eb6192766b8c19e705374f352b542bad011ce18,8453,receipts,research,52079079,52079079,2026-10-02T13:25:05Z,2026-10-02T13:25:05Z,complete,finalized,true,true,true,0,2026-10-02T14:07:46.29905Z,2026-10-02T14:07:47.08686Z,
0x50a55d6208e755a3e77496a1f8a6153b4c400a5c3b1f200ced670f791d8daaf6,8453,receipts,research,52078259,52078259,2026-10-02T12:57:45Z,2026-10-02T12:57:45Z,complete,finalized,true,true,true,0,2026-10-02T13:27:13.260095Z,2026-10-02T13:27:13.97932Z,
0x51901943aaa79c418c11564bd9de734086ecb41da211a50c4cc54181e1b15931,42161,probes,catchup,511005260,511005260,2026-10-02T14:01:36Z,2026-10-02T14:01:36Z,partial,head,true,true,true,0,2026-10-02T14:01:36.844098Z,2026-10-02T14:01:38.757855Z,rpc_error
0x5245370424a7f780b98dd0691c56a6f00b6c29dc542938ccbc139b98416c1870,8453,receipts,research,52078572,52078572,2026-10-02T13:08:11Z,2026-10-02T13:08:11Z,complete,finalized,true,true,true,0,2026-10-02T14:07:49.803568Z,2026-10-02T14:07:50.455816Z,
0x534a083c4a1140e1475023f7d76c1c2a0bd0e44f03e3713adfad173c9eb1c86d,8453,receipts,research,52077997,52077997,2026-10-02T12:49:01Z,2026-10-02T12:49:01Z,complete,finalized,true,true,true,0,2026-10-02T13:27:15.400188Z,2026-10-02T13:27:16.097501Z,
0x53767e0556639a1282998b7e6051e41fa69c69143d88c5a7c931c967393c27ac,8453,receipts,research,,,,,error,head,true,true,true,0,2026-10-02T13:59:49.17568Z,2026-10-02T13:59:49.327922Z,rpc_transport_or_timeout
0x542543b53dffac46e849d4e99fc5a2eb570df5885d113ef7cd5824d2755f371b,42161,logs,catchup,511005640,511006151,2026-10-02T14:03:14Z,2026-10-02T14:05:29Z,complete,head,true,true,true,0,2026-10-02T14:06:30.187703Z,2026-10-02T14:06:37.761267Z,
0x5467675295086546fe56afbcfdd18dc4fc89db19233b6cfc2fe2832cbe226010,42161,probes,catchup,511004971,511004971,2026-10-02T14:00:20Z,2026-10-02T14:00:20Z,complete,head,true,true,true,0,2026-10-02T14:00:21.568263Z,2026-10-02T14:00:24.464825Z,
0x548b5f14f6c00526190cc25e31ba59e43489cfcd863d50e63799d5ee9cef5c8b,8453,receipts,research,52080398,52080398,2026-10-02T14:09:03Z,2026-10-02T14:09:03Z,complete,head,true,true,true,0,2026-10-02T14:09:27.89573Z,2026-10-02T14:09:28.664852Z,
0x54931b080e8233d26a5309e47ca7fd19467a0b709accac6c32b5213f7dc51dbd,8453,receipts,research,52078904,52078904,2026-10-02T13:19:15Z,2026-10-02T13:19:15Z,complete,finalized,true,true,true,0,2026-10-02T14:00:14.114149Z,2026-10-02T14:00:14.764284Z,
0x54c2f8fa43d36eec9b62c6d3ebeb9f82e17efba3338c1133486142dc20ce5e86,8453,receipts,research,52077990,52077990,2026-10-02T12:48:47Z,2026-10-02T12:48:47Z,complete,finalized,true,true,true,0,2026-10-02T13:24:42.2215Z,2026-10-02T13:24:42.894474Z,
0x54f051713ecd1b0959380f50c1c22cce68a3bef522603714e8a0cdc6e39cb1b2,42161,probes,catchup,,,,,partial,head,true,true,true,0,2026-10-02T13:59:43.631711Z,2026-10-02T13:59:43.633041Z,skipped_budget
0x55c23402150d287a032dfa1976af53cd64acca726f908ca47c11bf5a02622f1f,8453,receipts,research,52078790,52078790,2026-10-02T13:15:27Z,2026-10-02T13:15:27Z,complete,finalized,true,true,true,0,2026-10-02T14:08:51.259441Z,2026-10-02T14:08:51.911585Z,
0x55f12fd81b09da5c40ef9b8911c286284225daafc3146ca3410d61c9cb221e9d,8453,receipts,research,52079570,52079570,2026-10-02T13:41:27Z,2026-10-02T13:41:27Z,complete,finalized,true,true,true,0,2026-10-02T14:00:10.60305Z,2026-10-02T14:00:11.293029Z,
0x5647809f87fc3cb6cd4f9c9c0a3abe4519f28ac2987f662c7ab88e3f5d3532e8,8453,receipts,research,52078241,52078241,2026-10-02T12:57:09Z,2026-10-02T12:57:09Z,complete,finalized,true,true,true,0,2026-10-02T13:24:33.085736Z,2026-10-02T13:24:33.752447Z,
0x56b7f410890437d0ba197320ced1450866ba7d976e41bfd9f9230d73cb307016,42161,logs,catchup,511000520,511001031,2026-10-02T13:40:52Z,2026-10-02T13:43:04Z,complete,finalized,true,true,true,0,2026-10-02T14:03:36.577826Z,2026-10-02T14:03:42.454574Z,
0x574b7260f7c3935cf18a38072f81b6e0e828b248dfc11ef291e1f4f2d7b4e584,42161,receipts,research,510991328,510991328,2026-10-02T13:00:08Z,2026-10-02T13:00:08Z,complete,finalized,true,true,true,0,2026-10-02T13:27:17.557159Z,2026-10-02T13:27:18.688068Z,
0x577677a3365f15cb7884ef0456aea6e578806ff5418b9c92e959064a331fbab4,42161,probes,catchup,511004393,511004393,2026-10-02T13:57:47Z,2026-10-02T13:57:47Z,partial,head,true,true,true,0,2026-10-02T13:57:47.812302Z,2026-10-02T13:57:48.74504Z,rpc_error
0x589d373a7e5ced624da00bb2e4b104fac375bf4759bf1129038f4077eb5a7dab,8453,receipts,research,52079896,52079896,2026-10-02T13:52:19Z,2026-10-02T13:52:19Z,complete,head,true,true,true,0,2026-10-02T14:09:28.679971Z,2026-10-02T14:09:29.322204Z,
0x58fade9bf72d021a4d042e6a9abe1d5f570de8f14e51b3b42bd33b3c32bfcbaf,42161,probes,catchup,,,,,partial,head,true,true,true,0,2026-10-02T13:58:11.949427Z,2026-10-02T13:58:11.950439Z,skipped_budget
0x5971709e5a683d2e17e1796a03ec4f7623c933956bb5f2dcc6d7b601ed6b8830,8453,receipts,research,52078310,52078310,2026-10-02T12:59:27Z,2026-10-02T12:59:27Z,complete,finalized,true,true,true,0,2026-10-02T13:27:18.709567Z,2026-10-02T13:27:19.501377Z,
0x598da29e6cedc3c16a612f0b080366fd0f189cef224ac30e5f6560cd394cf402,42161,probes,catchup,511004477,511004477,2026-10-02T13:58:09Z,2026-10-02T13:58:09Z,partial,head,true,true,true,0,2026-10-02T13:58:09.832465Z,2026-10-02T13:58:11.653763Z,rpc_error
0x59e9df5d198244f70d3eb916cb1ed79517d263a1f2820dcec97ff3833f02b1d4,8453,probes,catchup,52080255,52080255,2026-10-02T14:04:17Z,2026-10-02T14:04:17Z,partial,head,true,true,true,0,2026-10-02T14:04:17.979146Z,2026-10-02T14:04:19.291056Z,rpc_error
0x5b8d552578747678a7c388f1acc65f1dfd1229d1ea2ac5a2145c763c3bdc2ed4,42161,receipts,research,511000065,511000065,2026-10-02T13:38:51Z,2026-10-02T13:38:51Z,complete,finalized,true,true,true,0,2026-10-02T14:07:47.101822Z,2026-10-02T14:07:48.196092Z,
0x5b95b765daff9170951c98e60cd51a36cf5b212b8c8ceb6f12e462eb2c5d1c24,42161,receipts,research,511003540,511003540,2026-10-02T13:54:04Z,2026-10-02T13:54:04Z,complete,head,true,true,true,0,2026-10-02T14:09:05.130365Z,2026-10-02T14:09:07.097848Z,
0x5ba7ab2bac35664bfcc486d751608a174c80c8f4cdbffdec3ac83a3e9a3cdeae,8453,logs,catchup,52078449,52078960,2026-10-02T13:04:05Z,2026-10-02T13:21:07Z,complete,finalized,true,true,true,0,2026-10-02T13:57:28.869201Z,2026-10-02T13:57:32.990624Z,
0x5bc53f0d466a98bc22c3641ed8608ab1d86b09ad37625def2274293b585abdbe,8453,probes,catchup,52080333,52080333,2026-10-02T14:06:53Z,2026-10-02T14:06:53Z,partial,head,true,true,true,0,2026-10-02T14:06:54.456868Z,2026-10-02T14:06:55.886087Z,rpc_error
0x5d38c3edd6595ecf7c2a1490c8f9ab26b8f5ef6398fc47af16958ddf05dc1f99,8453,receipts,research,52078740,52078740,2026-10-02T13:13:47Z,2026-10-02T13:13:47Z,complete,finalized,true,true,true,0,2026-10-02T14:09:46.79917Z,2026-10-02T14:09:47.449181Z,
0x5d433fa55e1c42a9f1f7bf66917e75b6ea698ef83bcc183024562c368de94287,8453,logs,live,52080122,52080133,2026-10-02T13:59:51Z,2026-10-02T14:00:13Z,complete,head,true,true,true,0,2026-10-02T14:00:15.109914Z,2026-10-02T14:00:17.15194Z,
0x5d80fd14caf9974056f029c85df9ee1580701c0bb082337d5b501d4e6aa210eb,8453,receipts,research,52078758,52078758,2026-10-02T13:14:23Z,2026-10-02T13:14:23Z,complete,finalized,true,true,true,0,2026-10-02T14:05:20.441556Z,2026-10-02T14:05:21.096792Z,
0x5e0834afe7d8e2789daf0cd54bb279a31c51219770bb2fa2568eb73736b85513,8453,receipts,research,52080293,52080293,2026-10-02T14:05:33Z,2026-10-02T14:05:33Z,complete,head,true,true,true,0,2026-10-02T14:09:30.002803Z,2026-10-02T14:09:30.665791Z,
0x5e4094501d4c1af403a7fa5c35cbcd77ee11dab513ae9d44813375d357f2cddf,8453,receipts,research,52080431,52080431,2026-10-02T14:10:09Z,2026-10-02T14:10:09Z,complete,head,true,true,true,0,2026-10-02T14:10:36.210325Z,2026-10-02T14:10:38.296818Z,
0x5ed8a22c58068598ec4c78f6362415faa925c59ac839335cf2c3f15825b4855a,42161,receipts,research,511000644,511000644,2026-10-02T13:41:24Z,2026-10-02T13:41:24Z,complete,finalized,true,true,true,0,2026-10-02T14:04:00.906676Z,2026-10-02T14:04:03.342695Z,
0x5efc956902876759607c2e9a9e7cd314d4224e3c8e1a83a6b5d704beb70002e7,8453,receipts,research,52078180,52078180,2026-10-02T12:55:07Z,2026-10-02T12:55:07Z,complete,finalized,true,true,true,0,2026-10-02T13:25:04.120951Z,2026-10-02T13:25:05.587455Z,
0x5ff6af3d069f044402173ba5d62708fd70fab38df0b106de728f4015377d6048,42161,probes,catchup,,,,,partial,head,true,true,true,0,2026-10-02T14:01:09.578059Z,2026-10-02T14:01:09.579864Z,skipped_budget
0x6069163c877586c911693b433f91c0c4515cf128206ef91e8109069e2911cdba,8453,receipts,research,52078388,52078388,2026-10-02T13:02:03Z,2026-10-02T13:02:03Z,complete,finalized,true,true,true,0,2026-10-02T13:27:10.245726Z,2026-10-02T13:27:10.939668Z,
0x609d2707fe8ed00181b892f4e0fd2560aacb2db959981940e1cdff7c8e81e393,8453,receipts,research,52080190,52080190,2026-10-02T14:02:07Z,2026-10-02T14:02:07Z,complete,head,true,true,true,0,2026-10-02T14:02:37.591744Z,2026-10-02T14:02:38.243783Z,
0x613318fcc5e47255f2c18e540cf700d305e5973bb22fcd105403e554d787124d,8453,receipts,research,52078932,52078932,2026-10-02T13:20:11Z,2026-10-02T13:20:11Z,complete,finalized,true,true,true,0,2026-10-02T14:11:31.83815Z,2026-10-02T14:11:32.531637Z,
0x61591307b4ace51c8c32313a4c9b1b03042719d189d5f9e4a879dd4e0a79d529,8453,receipts,research,52078369,52078369,2026-10-02T13:01:25Z,2026-10-02T13:01:25Z,complete,finalized,true,true,true,0,2026-10-02T13:24:32.262764Z,2026-10-02T13:24:33.073058Z,
0x629083ccbdeeca14be01fcd969ff7238811c9a1e0c02889a0b4534376117153e,8453,receipts,research,52078638,52078638,2026-10-02T13:10:23Z,2026-10-02T13:10:23Z,complete,finalized,true,true,true,0,2026-10-02T14:01:11.730527Z,2026-10-02T14:01:12.428419Z,
0x62b5abea1ecc5f9b210c0fee591640c3b1c6162354e383cc6304b0af313188e6,8453,receipts,research,52078354,52078354,2026-10-02T13:00:55Z,2026-10-02T13:00:55Z,complete,finalized,true,true,true,0,2026-10-02T13:24:47.829988Z,2026-10-02T13:24:48.630052Z,
0x645a89d4759381157d979280f2845d837e3d30e3110ae714270a489b397e3e7b,42161,probes,catchup,511004983,511004983,2026-10-02T14:00:24Z,2026-10-02T14:00:24Z,partial,head,true,true,true,0,2026-10-02T14:00:24.542375Z,2026-10-02T14:00:26.693615Z,rpc_error
0x647bc3bc051623843f490faafa792021fee2f3069b83b762cf0dbb4908e118e3,8453,receipts,research,52079751,52079751,2026-10-02T13:47:29Z,2026-10-02T13:47:29Z,complete,finalized,true,true,true,0,2026-10-02T14:00:54.474759Z,2026-10-02T14:00:55.130403Z,
0x64b9829ee4a11272c7a2a8222e7d764c24d88bab00ddb3b91c81fa4a26f98ace,8453,receipts,research,52078412,52078412,2026-10-02T13:02:51Z,2026-10-02T13:02:51Z,complete,finalized,true,true,true,0,2026-10-02T13:27:00.018785Z,2026-10-02T13:27:00.699521Z,
0x6509999a1d7c7432a493373aa1f12d05f9c0b7a2a87ffb95d98089dd6637a50c,42161,receipts,research,510997426,510997426,2026-10-02T13:27:26Z,2026-10-02T13:27:26Z,complete,finalized,true,true,true,0,2026-10-02T14:03:08.050515Z,2026-10-02T14:03:10.342259Z,
0x6585acd017c3f448eaf16f2372b3e541cad605b06f4eed57c7f9bc2126616d49,8453,receipts,research,,,,,error,head,true,true,true,0,2026-10-02T14:08:03.920713Z,2026-10-02T14:08:04.117557Z,rpc_transport_or_timeout
0x65b5c9e9cca9dc857d2281acec9cc7b50c4768903248b2e5a8caeb09b15ee564,42161,logs,catchup,510996936,510997447,2026-10-02T13:25:14Z,2026-10-02T13:27:32Z,complete,finalized,true,true,true,0,2026-10-02T14:01:24.783573Z,2026-10-02T14:01:33.610744Z,
0x65e4c244b293fb2bf96121cc65bce50419c718d81fdc805bef3e21a55280edc5,42161,receipts,research,511002847,511002847,2026-10-02T13:51:01Z,2026-10-02T13:51:01Z,complete,finalized,true,true,true,0,2026-10-02T14:05:00.241275Z,2026-10-02T14:05:02.189147Z,
0x661de2217e03d73225bbba44c5e02701865366d96baae3c0dae12190fd1f92ee,42161,logs,catchup,511006964,511007003,2026-10-02T14:08:57Z,2026-10-02T14:09:07Z,complete,head,true,true,true,0,2026-10-02T14:09:08.638039Z,2026-10-02T14:09:13.285539Z,
0x662fafe7179a6eae5293a194e954def06bf77397eb9e93e6e523f1e1d4e263eb,42161,probes,catchup,511007397,511007397,2026-10-02T14:10:49Z,2026-10-02T14:10:49Z,complete,head,true,true,true,0,2026-10-02T14:10:50.080896Z,2026-10-02T14:10:53.795547Z,
0x6858f8f4c7a41ea764d15abf997493db2e2fa40f5e56b0b52ca4cc289238a575,8453,receipts,research,52078049,52078049,2026-10-02T12:50:45Z,2026-10-02T12:50:45Z,complete,finalized,true,true,true,0,2026-10-02T13:27:03.244199Z,2026-10-02T13:27:04.028374Z,
0x68aedfe515daf52a7f6fdf6a17c584a6bf1905bad0c0373fedea000fad5bc216,8453,receipts,research,52078448,52078448,2026-10-02T13:04:03Z,2026-10-02T13:04:03Z,complete,finalized,true,true,true,0,2026-10-02T13:24:46.404169Z,2026-10-02T13:24:47.106282Z,
0x69083b54a3881fa917d3011b330362e086d599a43ff5bb38162010956fafa8f0,8453,receipts,research,52080181,52080181,2026-10-02T14:01:49Z,2026-10-02T14:01:49Z,complete,head,true,true,true,0,2026-10-02T14:02:25.676734Z,2026-10-02T14:02:26.40887Z,
0x6924823ebcf636be603450c8c1d88268492dcc8b4512fff1c401a10717ed0f1d,42161,logs,catchup,511002056,511002567,2026-10-02T13:47:35Z,2026-10-02T13:49:48Z,complete,finalized,true,true,true,0,2026-10-02T14:04:27.883181Z,2026-10-02T14:04:34.40766Z,
0x695bdaf311aaeb495dba0e5b7af8cb5e81ee9b70564875f3f93af8c4589692ec,8453,receipts,research,,,,,error,head,true,true,true,0,2026-10-02T14:10:18.490678Z,2026-10-02T14:10:18.69973Z,rpc_method_error
0x69772e5c92273e8ef7faabbb08bf030cb8556de18d8d5e4a44e5baf216f7eacb,8453,receipts,research,,,,,error,head,true,true,true,0,2026-10-02T14:11:32.547628Z,2026-10-02T14:11:33.566556Z,rpc_transport_or_timeout
0x6a03de251e27b38eb7e4e572b46d26e52eb3b9e8970d07eda79b8a4c9bf451d1,42161,receipts,research,511006414,511006414,2026-10-02T14:06:38Z,2026-10-02T14:06:38Z,complete,head,true,true,true,0,2026-10-02T14:06:55.90283Z,2026-10-02T14:06:57.298363Z,
0x6acdb7c9a7d0bfb652ec6464c2c614a5c7cee3ce2f514bcff0c2fd6df55bebcb,8453,receipts,research,52079804,52079804,2026-10-02T13:49:15Z,2026-10-02T13:49:15Z,complete,head,true,true,true,0,2026-10-02T14:10:39.603459Z,2026-10-02T14:10:40.53195Z,
0x6ba1f900f0d85e2271f83ffa004cc94dbfe060f94456c1445072fd3e09d33ac0,8453,receipts,research,52078229,52078229,2026-10-02T12:56:45Z,2026-10-02T12:56:45Z,complete,finalized,true,true,true,0,2026-10-02T13:27:04.046491Z,2026-10-02T13:27:04.721187Z,
0x6bd5f92828cb26dcffae229e802849f1fc7f28c763e7b1e1c88daf49260a17fc,8453,receipts,research,52078857,52078857,2026-10-02T13:17:41Z,2026-10-02T13:17:41Z,complete,finalized,true,true,true,0,2026-10-02T14:08:00.754495Z,2026-10-02T14:08:01.426461Z,
0x6c7d828f919404e6f66c74322186348080e9fda059c9c9c23d9369f24554da54,8453,receipts,research,52080329,52080329,2026-10-02T14:06:45Z,2026-10-02T14:06:45Z,complete,head,true,true,true,0,2026-10-02T14:07:17.90387Z,2026-10-02T14:07:18.553815Z,
0x6c8642d6bf46732cb9361f57bef38392c6076b642d1bcdd7e4188db8613157b8,8453,logs,live,52080223,52080230,2026-10-02T14:03:13Z,2026-10-02T14:03:27Z,complete,head,true,true,true,0,2026-10-02T14:03:29.383029Z,2026-10-02T14:03:31.844546Z,
0x6d43204f3d5fadf21d75c718f3d392d5dfa7c099c57230f8a88ebff76f8a475b,42161,probes,catchup,,,,,partial,head,true,true,true,0,2026-10-02T14:00:27.320242Z,2026-10-02T14:00:27.321746Z,skipped_budget
0x6d59add78b613e71e8f1e88850d48eb5a96cdd719b1c0d76c511d95a74fe0fd4,8453,receipts,research,52078032,52078032,2026-10-02T12:50:11Z,2026-10-02T12:50:11Z,complete,finalized,true,true,true,0,2026-10-02T13:27:02.347302Z,2026-10-02T13:27:03.213553Z,
0x6e03cbd11e4086e4c0e9f94cae0d6ce9746a27601661af3c2f7973fbe135ae1b,42161,receipts,research,,,,,error,head,true,true,true,0,2026-10-02T14:03:10.359579Z,2026-10-02T14:03:11.710534Z,rpc_transport_or_timeout
0x6e86769f531b6ce1ad36c72e6c56cea83d083e9d23e0ec0dc40a862d2988c0a0,8453,receipts,research,52079080,52079080,2026-10-02T13:25:07Z,2026-10-02T13:25:07Z,complete,finalized,true,true,true,0,2026-10-02T13:59:24.873655Z,2026-10-02T13:59:25.55237Z,
0x6edf378befdc5c809a9f8fbe5fd5b1adaec861ff07ee05ceebfc011ae3befb90,42161,receipts,research,510997036,510997036,2026-10-02T13:25:41Z,2026-10-02T13:25:41Z,complete,finalized,true,true,true,0,2026-10-02T14:03:23.862759Z,2026-10-02T14:03:25.466316Z,
0x6f230cb551365fd8963d3d5cf83b8ff3cccfcdd08003d12a8ecd6a279276f757,8453,logs,live,52080242,52080249,2026-10-02T14:03:51Z,2026-10-02T14:04:05Z,complete,head,true,true,true,0,2026-10-02T14:04:06.143294Z,2026-10-02T14:04:08.390935Z,
0x6fc434a6260b3efef6e348ecec51e3256ce60092600417080be3dfebd2dcfce9,8453,logs,live,52080202,52080207,2026-10-02T14:02:31Z,2026-10-02T14:02:41Z,complete,head,true,true,true,0,2026-10-02T14:02:42.813723Z,2026-10-02T14:02:44.841759Z,
0x706e82c8b1922a4e78c9343d6ec5f1f922490816c0b39b70d3c3515448479318,42161,probes,catchup,,,,,partial,head,true,true,true,0,2026-10-02T13:58:58.05994Z,2026-10-02T13:58:58.061071Z,skipped_budget
0x7098e9cfb67aa8fe7ffa68f366c4b25cb206ee5d41a3abd1568b4736012b7c54,42161,probes,catchup,,,,,partial,head,true,true,true,0,2026-10-02T14:01:38.773383Z,2026-10-02T14:01:38.774683Z,skipped_budget
0x70f5e78617a047295209b450f2d9f93ddbe264c70875fd3772747114066ea228,8453,logs,backfill,52077937,52078448,2026-10-02T12:47:01Z,2026-10-02T13:04:03Z,complete,finalized,true,true,true,0,2026-10-02T13:23:43.893308Z,2026-10-02T13:24:25.581057Z,
0x71a1b92c9f26c84abc72a156c45cbed5f02b5f1eef1a24149a9513be6303f5c7,8453,receipts,research,52078218,52078218,2026-10-02T12:56:23Z,2026-10-02T12:56:23Z,complete,finalized,true,true,true,0,2026-10-02T13:24:50.175856Z,2026-10-02T13:24:59.20438Z,
0x71f2fa878daed508d6484e4c0d26a35c022a33393b0144d8f11aabd5763e0861,8453,probes,catchup,52080264,52080264,2026-10-02T14:04:35Z,2026-10-02T14:04:35Z,partial,head,true,true,true,0,2026-10-02T14:04:36.032821Z,2026-10-02T14:04:37.386647Z,rpc_error
0x720eaa54b4a42a6305df8e10f367dda53c763f733df36891fda5af2ec18dbb28,8453,receipts,research,52079498,52079498,2026-10-02T13:39:03Z,2026-10-02T13:39:03Z,complete,finalized,true,true,true,0,2026-10-02T14:04:43.260438Z,2026-10-02T14:04:43.923707Z,
0x722a318df3d83cf5a6107ae2ae278359b5a15491f7e970b2e61b8adffaf85efd,42161,logs,catchup,511006814,511006903,2026-10-02T14:08:20Z,2026-10-02T14:08:42Z,complete,head,true,true,true,0,2026-10-02T14:08:44.096305Z,2026-10-02T14:08:50.500176Z,
0x72cd56dbd91a4ecb0f02e4c9cfd403effea5a08509904c30b288e7b82205359d,8453,logs,live,52080395,52080405,2026-10-02T14:08:57Z,2026-10-02T14:09:17Z,complete,head,true,true,true,0,2026-10-02T14:09:18.525031Z,2026-10-02T14:09:20.522866Z,
0x72e4a6325907bcaf92f284e9f8d4a8162e89e25a8327e54ac3bf4bf0effcb853,42161,probes,catchup,,,,,partial,head,true,true,true,0,2026-10-02T13:59:22.637661Z,2026-10-02T13:59:22.63877Z,skipped_budget
0x72f2dbca0d91c079807761a61ea94be0ef49234c6345cdd1273669f29a158fb9,8453,logs,live,52080413,52080422,2026-10-02T14:09:33Z,2026-10-02T14:09:51Z,complete,head,true,true,true,0,2026-10-02T14:09:52.038393Z,2026-10-02T14:09:54.039619Z,
0x735eff10c6b381525a89716e8b4bb2cab0346ec589a50a63cb96e1a752da8662,8453,receipts,research,52080363,52080363,2026-10-02T14:07:53Z,2026-10-02T14:07:53Z,complete,head,true,true,true,0,2026-10-02T14:08:12.061616Z,2026-10-02T14:08:12.723013Z,
0x736fb6c736e82af27069faeaa665efb43dd266bf35755073110bb3832955ebeb,42161,probes,catchup,,,,,partial,head,true,true,true,0,2026-10-02T14:00:50.416646Z,2026-10-02T14:00:50.504388Z,skipped_budget
0x7389f24f68cf57984efb1d7dac0fdf843f4d04e2b039b555761682dba32f4c0e,8453,receipts,research,52077954,52077954,2026-10-02T12:47:35Z,2026-10-02T12:47:35Z,complete,finalized,true,true,true,0,2026-10-02T13:25:03.336462Z,2026-10-02T13:25:04.039371Z,
0x7400b003aa912312491bf78764326538e77a66ca0e59bb887588e9964c6f35f6,8453,receipts,research,52078879,52078879,2026-10-02T13:18:25Z,2026-10-02T13:18:25Z,complete,finalized,true,true,true,0,2026-10-02T14:10:04.708894Z,2026-10-02T14:10:05.370693Z,
0x741c4542869b01824819d2625f1b963beb9eaf9d77fac42239e28f46fa57670e,42161,logs,catchup,510991816,510992327,2026-10-02T13:02:21Z,2026-10-02T13:04:36Z,partial,finalized,true,true,true,15,2026-10-02T13:57:40.548008Z,2026-10-02T13:57:43.682625Z,implementation_unknown: rpc_method_error
0x74f5a31978b2d34b5dd4eb574d8421dc2b41efc0a3f3f8c53cb102fd2e27bc0b,42161,logs,catchup,511007053,511007103,2026-10-02T14:09:20Z,2026-10-02T14:09:33Z,complete,head,true,true,true,0,2026-10-02T14:09:39.039544Z,2026-10-02T14:09:44.308448Z,
0x753f3c172689733fc4a6bcea8bb0b7168d3f377f444fb8f3acce1741811d48e2,8453,logs,live,52080088,52080099,2026-10-02T13:58:43Z,2026-10-02T13:59:05Z,complete,head,true,true,true,0,2026-10-02T13:59:06.168538Z,2026-10-02T13:59:08.317996Z,
0x756c73d1fec62b87d4233d78554024ede7acf4bc46cf5c67d88cadd9432e7e44,8453,logs,live,52080297,52080304,2026-10-02T14:05:41Z,2026-10-02T14:05:55Z,complete,head,true,true,true,0,2026-10-02T14:05:55.777527Z,2026-10-02T14:05:57.74119Z,
0x758b2c932be5196ec536c3900520d15243ad5195c5f20f9aea56de169757cd35,8453,receipts,research,52077953,52077953,2026-10-02T12:47:33Z,2026-10-02T12:47:33Z,complete,finalized,true,true,true,0,2026-10-02T13:26:58.530849Z,2026-10-02T13:26:59.923124Z,
0x75d88163271df5a62abfbf2bbce85a395212e9d5186dc14c71ef2647abdfe332,42161,probes,catchup,511004559,511004559,2026-10-02T13:58:31Z,2026-10-02T13:58:31Z,complete,head,true,true,true,0,2026-10-02T13:58:31.889797Z,2026-10-02T13:58:34.330934Z,
0x76e9b320bf7b9440765ead14b1eb0e82eb6ba36f07fd50cd0926eb6d5b809a54,42161,probes,catchup,511005430,511005430,2026-10-02T14:02:19Z,2026-10-02T14:02:19Z,complete,head,true,true,true,0,2026-10-02T14:02:20.128868Z,2026-10-02T14:02:23.370551Z,
0x7700fca45ef30def619869c3246e95978c4da3f814f54f382d7adb2aa2003815,8453,receipts,research,52078366,52078366,2026-10-02T13:01:19Z,2026-10-02T13:01:19Z,complete,finalized,true,true,true,0,2026-10-02T13:27:10.96313Z,2026-10-02T13:27:11.685448Z,
0x776683f4cc4a17c7c95ee49574372bd37612db2f93e57177da7484682189846c,8453,receipts,research,52079113,52079113,2026-10-02T13:26:13Z,2026-10-02T13:26:13Z,complete,finalized,true,true,true,0,2026-10-02T14:01:13.937324Z,2026-10-02T14:01:14.575107Z,
0x78861a3ef0c0d6a2b07b14eba60491d94d1b0439ddc9ba555584f0228fad6e1c,8453,receipts,research,52078637,52078637,2026-10-02T13:10:21Z,2026-10-02T13:10:21Z,complete,finalized,true,true,true,0,2026-10-02T14:07:35.955801Z,2026-10-02T14:07:36.618569Z,
0x797d75c5543ab010b26546b3a47ea978f3e5aa34be10318f5d23e835923e526d,42161,receipts,research,511006759,511006759,2026-10-02T14:08:06Z,2026-10-02T14:08:06Z,complete,head,true,true,true,0,2026-10-02T14:08:37.108502Z,2026-10-02T14:08:38.465357Z,
0x79de07092c2a9f3219c59016ca399b3c19390a9c87714705bab00e14f11503a5,8453,receipts,research,52080184,52080184,2026-10-02T14:01:55Z,2026-10-02T14:01:55Z,complete,head,true,true,true,0,2026-10-02T14:02:26.500115Z,2026-10-02T14:02:27.16257Z,
0x7aec8ae00960cb1c560c48a5a35d88d5b67ad8d246533b24c930020d0266f95d,42161,logs,catchup,510997448,510997959,2026-10-02T13:27:32Z,2026-10-02T13:29:53Z,partial,finalized,true,true,true,8,2026-10-02T14:01:46.792263Z,2026-10-02T14:01:53.455951Z,implementation_unknown: rpc_method_error
0x7b03c771be5b986732c280d34ea732327ef39840377f7fe58f2ba9ed0c31a162,8453,receipts,research,,,,,error,head,true,true,true,0,2026-10-02T14:08:41.151753Z,2026-10-02T14:08:41.442662Z,rpc_transport_or_timeout
0x7b2ff6daa7d35c6662579f9a982ae9669e268c5b8e7c0877d7780eaf70edb13e,42161,logs,catchup,511003592,511004103,2026-10-02T13:54:18Z,2026-10-02T13:56:31Z,complete,head,true,true,true,0,2026-10-02T14:05:24.624204Z,2026-10-02T14:05:31.763339Z,
0x7d7b751e71adf6fb4172eb4e5a7ae3c346cfbef19d6fbc7d3b07272955fea019,8453,receipts,research,52080446,52080446,2026-10-02T14:10:39Z,2026-10-02T14:10:39Z,complete,head,true,true,true,0,2026-10-02T14:10:55.916421Z,2026-10-02T14:10:56.600909Z,
0x7e9d7e45693a760bf75cc2a2e82ae8dc6fdd638c602744a58dec5623a00a87bf,42161,logs,catchup,511006511,511006590,2026-10-02T14:07:02Z,2026-10-02T14:07:23Z,complete,head,true,true,true,0,2026-10-02T14:07:25.036067Z,2026-10-02T14:07:30.9314Z,
0x7f75e7012b53d59d98e6bc77e46c2d97b7c8110b38b3514f1122b8b5515d708d,8453,receipts,research,52079845,52079845,2026-10-02T13:50:37Z,2026-10-02T13:50:37Z,complete,head,true,true,true,0,2026-10-02T14:07:49.060468Z,2026-10-02T14:07:49.789695Z,
0x7fc65612a881416c9a86c00f9fea017aec95570000cebb7af0af4ef98e4e3a0c,42161,probes,catchup,,,,,partial,head,true,true,true,0,2026-10-02T13:59:44.189052Z,2026-10-02T13:59:44.190809Z,skipped_budget
0x807c3a9d7b86a45c41e08b07898e82bf11bd109c01560854a6981ec3c8545419,8453,receipts,research,52079379,52079379,2026-10-02T13:35:05Z,2026-10-02T13:35:05Z,complete,finalized,true,true,true,0,2026-10-02T14:01:12.55652Z,2026-10-02T14:01:13.241608Z,
0x80de3f347cf3b56c6d09dc275582a986517f45e62fa3f97b3be17cb68f161be1,8453,receipts,research,52079882,52079882,2026-10-02T13:51:51Z,2026-10-02T13:51:51Z,complete,head,true,true,true,0,2026-10-02T14:09:50.840847Z,2026-10-02T14:09:51.538623Z,
0x81348266153c7f0c0e098aad05dcaaa88ed09144c4595aa63ed9fda2a0bc0784,8453,logs,live,52080231,52080241,2026-10-02T14:03:29Z,2026-10-02T14:03:49Z,complete,head,true,true,true,0,2026-10-02T14:03:49.83069Z,2026-10-02T14:03:51.818477Z,
0x813a8f896f493da7a60b4bb444f24678b69544ba7b582baab874f5f3db10a957,8453,receipts,research,52079320,52079320,2026-10-02T13:33:07Z,2026-10-02T13:33:07Z,complete,finalized,true,true,true,0,2026-10-02T14:00:27.453301Z,2026-10-02T14:00:28.370842Z,
0x815a4c5cd5fea7a33b602eee6829f50901149110b755178fd9a7bcd04ef569ab,8453,receipts,research,52079734,52079734,2026-10-02T13:46:55Z,2026-10-02T13:46:55Z,complete,finalized,true,true,true,0,2026-10-02T13:59:01.006723Z,2026-10-02T13:59:01.944092Z,
0x820cd5d648ad5b763c0941a49de83b7847ac78567f2b4d2175ff08f475a21c32,8453,probes,catchup,52080342,52080342,2026-10-02T14:07:11Z,2026-10-02T14:07:11Z,complete,head,true,true,true,0,2026-10-02T14:07:11.314118Z,2026-10-02T14:07:12.868203Z,
0x833a9638aeaab284ba3fb1801d658d052e92cb06f217a1427cbe125748fdd5f4,8453,receipts,research,52078197,52078197,2026-10-02T12:55:41Z,2026-10-02T12:55:41Z,complete,finalized,true,true,true,0,2026-10-02T13:27:16.135628Z,2026-10-02T13:27:16.851957Z,
0x8435a9898bf20bd9c80f1747673716d226c3e461234fe242472fa38a1780e043,8453,receipts,research,52077954,52077954,2026-10-02T12:47:35Z,2026-10-02T12:47:35Z,complete,finalized,true,true,true,0,2026-10-02T13:24:49.447691Z,2026-10-02T13:24:50.160522Z,
0x8487d9f0aaeafc54b4943d381acef5dd7a2b8f2b07623419031848135956c7be,42161,receipts,research,,,,,error,head,true,true,true,0,2026-10-02T14:03:48.885002Z,2026-10-02T14:03:49.590786Z,rpc_transport_or_timeout
0x84f2fc9738f27d7d62eff14e76bb15ba409a3dfbbaa381ec6f2ac2329252c4c4,42161,receipts,research,511003939,511003939,2026-10-02T13:55:47Z,2026-10-02T13:55:47Z,complete,head,true,true,true,0,2026-10-02T14:05:36.480198Z,2026-10-02T14:05:38.255736Z,
0x853fe22d6e23e20991bbac7c1afef1b467f0404b4ae84d151829a181f6769a18,8453,receipts,research,52078486,52078486,2026-10-02T13:05:19Z,2026-10-02T13:05:19Z,complete,finalized,true,true,true,0,2026-10-02T14:00:31.270214Z,2026-10-02T14:00:31.935852Z,
0x880d541e8284da97169e3254eda3f0a8361f8d561cad88c5942d026cf3e0dd3a,42161,logs,catchup,510999496,511000007,2026-10-02T13:36:26Z,2026-10-02T13:38:36Z,complete,finalized,true,true,true,0,2026-10-02T14:02:59.044333Z,2026-10-02T14:03:06.575317Z,
0x880f7a24352836ea8ad71fb179d7b20a7c6490349838bf34d275adb359bc343a,8453,receipts,research,,,,,error,head,true,true,true,0,2026-10-02T14:07:00.846842Z,2026-10-02T14:07:00.904473Z,rpc_transport_or_timeout
0x8933b151fd6fa5f5c9acf0dbf770f7efc70967df380b64c0e86a560246b1fdfd,8453,receipts,research,52079475,52079475,2026-10-02T13:38:17Z,2026-10-02T13:38:17Z,complete,finalized,true,true,true,0,2026-10-02T13:59:03.933033Z,2026-10-02T13:59:04.591044Z,
0x8aa90adf8e68298a01f9cc97b7e8d93b6eb27e35fd648330edb5bbe9c474aae8,8453,receipts,research,52079637,52079637,2026-10-02T13:43:41Z,2026-10-02T13:43:41Z,complete,finalized,true,true,true,0,2026-10-02T14:07:35.301099Z,2026-10-02T14:07:35.94267Z,
0x8c16fb5a302c7a06e573681018e3a6d7bf13b59f4c6b0e8dc4e8262c94362cd4,42161,logs,catchup,510996424,510996935,2026-10-02T13:22:56Z,2026-10-02T13:25:14Z,partial,finalized,true,true,true,15,2026-10-02T14:00:59.156665Z,2026-10-02T14:01:04.542333Z,implementation_unknown: rpc_method_error
0x8cfdc42b49780c41dbee06ec844d299f1ffc69001f2a8e5542b04a044b58a21d,42161,logs,catchup,510998472,510998983,2026-10-02T13:32:05Z,2026-10-02T13:34:16Z,partial,finalized,true,true,true,14,2026-10-02T14:02:33.860861Z,2026-10-02T14:02:37.580326Z,implementation_unknown: rpc_method_error
0x8cffc0a87b464c77c16255f200770aa61b4fa9a6200ad723fee70fe4699f50a0,8453,receipts,research,52078070,52078070,2026-10-02T12:51:27Z,2026-10-02T12:51:27Z,complete,finalized,true,true,true,0,2026-10-02T13:25:01.880841Z,2026-10-02T13:25:02.59399Z,
0x8e412e7bb0231518fa51ed25a9e17b3b19c3e73f906f46ab619ec51cb03a4a49,8453,receipts,research,52079696,52079696,2026-10-02T13:45:39Z,2026-10-02T13:45:39Z,complete,finalized,true,true,true,0,2026-10-02T14:04:42.576519Z,2026-10-02T14:04:43.247966Z,
0x8e6e69a694151dd584fe8da334bc67e2dea5c08d0113d6f12e94e466c42b7b13,8453,receipts,research,52078881,52078881,2026-10-02T13:18:29Z,2026-10-02T13:18:29Z,complete,finalized,true,true,true,0,2026-10-02T14:09:13.297778Z,2026-10-02T14:09:13.955616Z,
0x8eea134b1265f3514175bdc8e1df72d9427ff849ed36c8ca511ba4664b8be883,8453,receipts,research,52078050,52078050,2026-10-02T12:50:47Z,2026-10-02T12:50:47Z,complete,finalized,true,true,true,0,2026-10-02T13:24:59.23159Z,2026-10-02T13:25:00.43498Z,
0x8f385ad08160ee4910b0a0e1860c271ad835d4af3f117a395ee2af0f28db193f,8453,receipts,research,,,,,error,head,true,true,true,0,2026-10-02T13:59:04.604714Z,2026-10-02T13:59:05.213992Z,rpc_transport_or_timeout
0x8f7626682bcd428cc93780801285e9909d9ee4ef319e7fac93fd30b0abb94d56,8453,receipts,research,52079919,52079919,2026-10-02T13:53:05Z,2026-10-02T13:53:05Z,complete,head,true,true,true,0,2026-10-02T13:58:40.103202Z,2026-10-02T13:58:40.753693Z,
0x8fdd75102bbf919e4c4e4719d954c6e59a157e8576991c7690a8051f3507cf9f,42161,logs,catchup,511006648,511006702,2026-10-02T14:07:38Z,2026-10-02T14:07:52Z,complete,head,true,true,true,0,2026-10-02T14:07:53.969687Z,2026-10-02T14:07:59.107212Z,
0x90503ec4a3d11d384b715bcf1fa6efa7a18e86e3416c2a7f0895daaf834ea6af,8453,receipts,research,52078807,52078807,2026-10-02T13:16:01Z,2026-10-02T13:16:01Z,complete,finalized,true,true,true,0,2026-10-02T13:57:53.533373Z,2026-10-02T13:57:54.192755Z,
0x9052118911ecf6461b03b9f55c73432bf25604a118e30255ebe9ee3d5aa76428,42161,logs,catchup,511007583,511007670,2026-10-02T14:11:36Z,2026-10-02T14:11:58Z,complete,head,true,true,true,0,2026-10-02T14:12:04.973911Z,2026-10-02T14:12:10.68609Z,
0x90a70b11ddc25cf8a22510521a4e9947b3b10d59beaeab524944cc8f801d5612,8453,receipts,research,52078649,52078649,2026-10-02T13:10:45Z,2026-10-02T13:10:45Z,complete,finalized,true,true,true,0,2026-10-02T14:06:09.694741Z,2026-10-02T14:06:10.354547Z,
0x91a98c1bf135555fa18a90fcc9c0797d9b694f8e765fd705ed452d071d628da5,42161,logs,catchup,511007296,511007372,2026-10-02T14:10:23Z,2026-10-02T14:10:43Z,complete,head,true,true,true,0,2026-10-02T14:10:44.277523Z,2026-10-02T14:10:50.060532Z,
0x91b05cff5a37784b8ef2bb2eef37cc56f15eff4b83691b19a97bc60e2e8edad2,42161,probes,catchup,,,,,partial,head,true,true,true,0,2026-10-02T14:00:05.780741Z,2026-10-02T14:00:05.784322Z,skipped_budget
0x91cb033878c8fdc38da8c31c2a72688f07b3e4496e9dc95df96673b52bb86c12,42161,probes,catchup,511004805,511004805,2026-10-02T13:59:37Z,2026-10-02T13:59:37Z,partial,head,true,true,true,0,2026-10-02T13:59:38.410744Z,2026-10-02T13:59:43.564882Z,rpc_error
0x91dab7f52627d4f8225a860e7207cf0a96e01ab92f4d650f91810159594f3eb2,8453,receipts,research,52078867,52078867,2026-10-02T13:18:01Z,2026-10-02T13:18:01Z,complete,finalized,true,true,true,0,2026-10-02T14:11:50.814986Z,2026-10-02T14:11:51.475287Z,
0x91e7c895ee636cce127ad7a6848b51f8d21107a47970ab8574937b05f4dc10b6,42161,logs,catchup,511007181,511007235,2026-10-02T14:09:53Z,2026-10-02T14:10:07Z,complete,head,true,true,true,0,2026-10-02T14:10:08.885983Z,2026-10-02T14:10:15.795755Z,
0x927a12470ace819141f506260f1fb6dc8a1baba592e22c1954bef81731be09b6,42161,probes,catchup,511007331,511007331,2026-10-02T14:10:32Z,2026-10-02T14:10:32Z,partial,head,true,true,true,0,2026-10-02T14:10:33.367747Z,2026-10-02T14:10:36.197822Z,rpc_error
0x9280c0b2a3e66d1e197109c48022483df7a7d6fbac63a6c1ccb5290417e68dde,42161,receipts,research,511005124,511005124,2026-10-02T14:01:01Z,2026-10-02T14:01:01Z,complete,head,true,true,true,0,2026-10-02T14:11:52.173862Z,2026-10-02T14:11:53.950156Z,
0x92deebceb14184ad9f329e199a9860aba8e42c89e708eb88c6a65197a5c7827b,8453,receipts,research,,,,,error,head,true,true,true,0,2026-10-02T14:10:40.546822Z,2026-10-02T14:10:41.211086Z,rpc_transport_or_timeout
0x92fd9387fb482ecc564ced74f8bc19c3c9ef6f56b4ba4dc72a0993e1eddcc34b,8453,receipts,research,,,,,error,head,true,true,true,0,2026-10-02T14:07:37.326613Z,2026-10-02T14:07:37.715762Z,rpc_transport_or_timeout
0x93049bb32483441bf79f6e9c43061835886ef53a361420347637b5d21581422a,8453,receipts,research,,,,,error,head,true,true,true,0,2026-10-02T13:58:42.41101Z,2026-10-02T13:58:42.73289Z,rpc_transport_or_timeout
0x930e1349c57aed95f60495a46a3042b85833095b4ba18d4ea8a6b03c186009a4,42161,receipts,research,,,,,error,head,true,true,true,0,2026-10-02T14:06:24.848406Z,2026-10-02T14:06:26.353319Z,rpc_response_read_timeout
0x930ece2f08cdac5f17a3e1811c12b1f6cfbc1ef5ba3ad1b559eec3abb5ac9877,8453,receipts,research,52078189,52078189,2026-10-02T12:55:25Z,2026-10-02T12:55:25Z,complete,finalized,true,true,true,0,2026-10-02T13:24:47.123418Z,2026-10-02T13:24:47.814274Z,
0x94dc1e9c332227650650eb5063525fb3fa16cf77dc46762ea209640ccd7fdfb9,8453,receipts,research,52080374,52080374,2026-10-02T14:08:15Z,2026-10-02T14:08:15Z,complete,head,true,true,true,0,2026-10-02T14:08:36.442466Z,2026-10-02T14:08:37.092602Z,
0x95ac8395922eda22a5ca79f3f49cf9889131423c041af94954577c0ef7d8ad05,8453,receipts,research,,,,,error,head,true,true,true,0,2026-10-02T14:05:39.616116Z,2026-10-02T14:05:40.237609Z,rpc_transport_or_timeout
0x9608da2616e1f1a220ace7546ad92187d5f0254fbfd7ad198ecb83dae4c0cea6,8453,receipts,research,52078727,52078727,2026-10-02T13:13:21Z,2026-10-02T13:13:21Z,complete,finalized,true,true,true,0,2026-10-02T14:04:41.865402Z,2026-10-02T14:04:42.537497Z,
0x968380ad2283c0b8da48ca377f801691eaf3ebd0a736e1ff6a37a0cc91e6e5e7,8453,logs,live,52080215,52080222,2026-10-02T14:02:57Z,2026-10-02T14:03:11Z,complete,head,true,true,true,0,2026-10-02T14:03:11.954469Z,2026-10-02T14:03:14.086444Z,
0x97031a99c0ae85f1128f3f96ae44ed3ffb121d474709b33991e6c0175f31d92c,8453,logs,live,52080165,52080178,2026-10-02T14:01:17Z,2026-10-02T14:01:43Z,complete,head,true,true,true,0,2026-10-02T14:01:44.344382Z,2026-10-02T14:01:46.397418Z,
0x97307e66403f82697083644db74dabdfc6df78fdf1c13a40a3068a8ce94c156b,42161,receipts,research,511000569,511000569,2026-10-02T13:41:05Z,2026-10-02T13:41:05Z,complete,finalized,true,true,true,0,2026-10-02T14:04:20.909514Z,2026-10-02T14:04:22.282399Z,
0x973d85987bea0c71cc20a0a5431bd10e27b0b1b299c23d0a4f3a386a7ea01847,42161,logs,catchup,511007510,511007582,2026-10-02T14:11:18Z,2026-10-02T14:11:36Z,complete,head,true,true,true,0,2026-10-02T14:11:38.115366Z,2026-10-02T14:11:49.673388Z,
0x98114a6d4e910243c1131e620981b8f0b50893ef1fe4c18fdb7b0ffe219d39b2,8453,logs,live,52080305,52080313,2026-10-02T14:05:57Z,2026-10-02T14:06:13Z,complete,head,true,true,true,0,2026-10-02T14:06:13.718446Z,2026-10-02T14:06:15.836766Z,
0x986efcf260dcf078812211ea9a2b4ae8fbe12464c6d378e7e21f5d852b53ee7b,8453,receipts,research,,,,,error,head,true,true,true,0,2026-10-02T14:03:26.842093Z,2026-10-02T14:03:27.285183Z,rpc_transport_or_timeout
0x987e3a84cd416810cf27ce711e1296a325c767949e346324e48cf5a0087baa90,8453,receipts,research,52078228,52078228,2026-10-02T12:56:43Z,2026-10-02T12:56:43Z,complete,finalized,true,true,true,0,2026-10-02T13:24:33.767961Z,2026-10-02T13:24:34.449148Z,
0x988e95b55ab838aee6a087d4ca599ef8a1af1dda2543a6dde4fa94f3c8703a7a,42161,logs,catchup,510995912,510996423,2026-10-02T13:20:36Z,2026-10-02T13:22:55Z,complete,finalized,true,true,true,0,2026-10-02T14:00:38.293254Z,2026-10-02T14:00:45.178654Z,
0x989c4eff091a477719d23fe528b85de09c7c581c1fd45ee2a03809d99f279b6d,8453,receipts,research,52079380,52079380,2026-10-02T13:35:07Z,2026-10-02T13:35:07Z,complete,finalized,true,true,true,0,2026-10-02T14:06:59.395377Z,2026-10-02T14:07:00.046536Z,
0x99d2e5f3edaeb06639f285b3eb94549b7b1c9d7faa6e2348e6f8493215559ea5,42161,probes,catchup,,,,,partial,head,true,true,true,0,2026-10-02T13:58:37.469818Z,2026-10-02T13:58:37.471291Z,skipped_budget
0x99dcc4f5c59d856772a62090910729d7a0d32538726cb776cb6932ac96c3bec0,8453,receipts,research,52078723,52078723,2026-10-02T13:13:13Z,2026-10-02T13:13:13Z,complete,finalized,true,true,true,0,2026-10-02T13:57:56.307797Z,2026-10-02T13:57:56.964508Z,
0x99e08e160c290d4e1d1679e1cffa946612b62bb73683e253b3fc7cad7a93ebe0,8453,receipts,research,,,,,error,head,true,true,true,0,2026-10-02T14:10:05.384144Z,2026-10-02T14:10:05.41219Z,rpc_transport_or_timeout
0x9a2d7f5e55cc4b00aae7f5e7bf0a9b9d6cb7a97095c5eddbca90d2dd5e70152b,8453,receipts,research,52079445,52079445,2026-10-02T13:37:17Z,2026-10-02T13:37:17Z,complete,finalized,true,true,true,0,2026-10-02T14:09:48.133816Z,2026-10-02T14:09:48.782575Z,
0x9ab55fcbf1bfe09968631af5125a5837c1cfc238a0a82015e49bdcd33cf17eeb,42161,receipts,research,511007233,511007233,2026-10-02T14:10:06Z,2026-10-02T14:10:06Z,complete,head,true,true,true,0,2026-10-02T14:10:16.415142Z,2026-10-02T14:10:17.827786Z,
0x9ac21f528d544f94631f598ac4639aadbb5c7e559360d7e08108d2320b546eee,8453,receipts,research,52079827,52079827,2026-10-02T13:50:01Z,2026-10-02T13:50:01Z,complete,head,true,true,true,0,2026-10-02T14:08:00.00882Z,2026-10-02T14:08:00.67974Z,
0x9afa44b380dfb25a55b17f5040987f09b2db3640f3a05f4aa961c6d7a110fd47,8453,receipts,research,,,,,error,head,true,true,true,0,2026-10-02T14:04:43.936221Z,2026-10-02T14:04:44.303559Z,rpc_transport_or_timeout
0x9b22d1eb17778d99ff98089c11f14c1f03147d36bc63c2a2d4311179fac5bacf,8453,receipts,research,52079810,52079810,2026-10-02T13:49:27Z,2026-10-02T13:49:27Z,complete,head,true,true,true,0,2026-10-02T14:00:51.649243Z,2026-10-02T14:00:52.307665Z,
0x9b31b153828b6947f5cf298fb5f7f9be5070a4d3e2acd28307273e7805a67251,8453,receipts,research,52079764,52079764,2026-10-02T13:47:55Z,2026-10-02T13:47:55Z,complete,finalized,true,true,true,0,2026-10-02T14:09:30.678704Z,2026-10-02T14:09:31.375321Z,
0x9b3c3f96e57112c6153b31e6b22d760d9ab4bca2320d8d110cd5cb07563ab5e6,8453,receipts,research,52079700,52079700,2026-10-02T13:45:47Z,2026-10-02T13:45:47Z,complete,finalized,true,true,true,0,2026-10-02T14:07:50.473422Z,2026-10-02T14:07:51.132275Z,
0x9ba221aaee960e8597a3f1b671223544dab9ad102ca46bac7c779615fbbad4d8,42161,probes,catchup,,,,,partial,head,true,true,true,0,2026-10-02T14:00:50.674279Z,2026-10-02T14:00:50.698837Z,skipped_budget
0x9bee4f2c873732e43e6091ba4cdf730ba9b2c692b02afbdacf3070642d9fb923,8453,receipts,research,52080468,52080468,2026-10-02T14:11:23Z,2026-10-02T14:11:23Z,complete,head,true,true,true,0,2026-10-02T14:11:49.69822Z,2026-10-02T14:11:50.365913Z,
0x9c12aa58e0fd7ae810154536e2d8295f5b7cea924f1956a14fcce177ca312866,42161,probes,catchup,,,,,partial,head,true,true,true,0,2026-10-02T13:59:22.502331Z,2026-10-02T13:59:22.503758Z,skipped_budget
0x9c32273b57ab82e666eb30a29b3d9b5deb18607efdd73161df66eda57b91b1ca,8453,receipts,research,52078585,52078585,2026-10-02T13:08:37Z,2026-10-02T13:08:37Z,complete,finalized,true,true,true,0,2026-10-02T13:59:44.327181Z,2026-10-02T13:59:44.991281Z,
0x9c85b0140c98bb0d70578960904c5692b18a8ce3893445e43758c03b3e316340,42161,receipts,research,511006086,511006086,2026-10-02T14:05:12Z,2026-10-02T14:05:12Z,complete,head,true,true,true,0,2026-10-02T14:06:39.846749Z,2026-10-02T14:06:41.267953Z,
0x9da9d6c4c9e7153ec26014ea93f71473d8131dec015a6eb3c8371e0c4a55604d,42161,receipts,research,,,,,error,head,true,true,true,0,2026-10-02T14:01:39.050351Z,2026-10-02T14:01:44.050796Z,rpc_response_read_timeout
0x9df0cbe4ceb46b0f2fbd362f9bca0bebbcb599aa4107ca7b1e6c674efd215d13,8453,receipts,research,,,,,error,head,true,true,true,0,2026-10-02T14:00:55.81137Z,2026-10-02T14:00:55.923358Z,rpc_transport_or_timeout
0x9e206ceb092cc15562093b3150cd520e51cab58c6991ce5ddd00cb5c7016ecbc,8453,receipts,research,52079085,52079085,2026-10-02T13:25:17Z,2026-10-02T13:25:17Z,complete,finalized,true,true,true,0,2026-10-02T13:59:26.24862Z,2026-10-02T13:59:26.899285Z,
0x9ebea9645d839d0dda6c49220739d7a28e0dc88953937b734c7f3dc2640e5ee1,8453,receipts,research,52079234,52079234,2026-10-02T13:30:15Z,2026-10-02T13:30:15Z,complete,finalized,true,true,true,0,2026-10-02T13:58:12.073279Z,2026-10-02T13:58:12.72507Z,
0x9ecf715f376a9493e6fc153f942142477468054e09d0ae9bf5733903b53d87af,8453,receipts,research,52078799,52078799,2026-10-02T13:15:45Z,2026-10-02T13:15:45Z,complete,finalized,true,true,true,0,2026-10-02T13:59:47.820052Z,2026-10-02T13:59:48.490601Z,
0x9f0bde9ce7e2937ea2e70a8f6a508be3e846deb85475732b035d61ad2400a85d,8453,receipts,research,,,,,error,head,true,true,true,0,2026-10-02T14:09:51.559803Z,2026-10-02T14:09:51.799669Z,rpc_transport_or_timeout
0x9f2cb61d42b609bbbbe81e4d37ca7d02112faa0ba1fb71ea1cd5c41d16b260c1,8453,logs,live,52080363,52080368,2026-10-02T14:07:53Z,2026-10-02T14:08:03Z,complete,head,true,true,true,0,2026-10-02T14:08:04.404057Z,2026-10-02T14:08:06.505425Z,
0x9f95fb58b73bb6a8a9816bca3ad6fb452c72ce7ae73f1ab77760d3e62041052b,8453,logs,live,52080259,52080268,2026-10-02T14:04:25Z,2026-10-02T14:04:43Z,complete,head,true,true,true,0,2026-10-02T14:04:44.53317Z,2026-10-02T14:04:46.575121Z,
0x9f9b6d41e7f0602df9deed0fb3e705a69e9eb9942dfd98300eb38940bfee216d,8453,receipts,research,52078316,52078316,2026-10-02T12:59:39Z,2026-10-02T12:59:39Z,complete,finalized,true,true,true,0,2026-10-02T13:24:30.216684Z,2026-10-02T13:24:30.87527Z,
0x9fc15a7550969a4683fe87947a05ff41decf41f4b257afbf3023e0624c385524,8453,logs,live,52080388,52080394,2026-10-02T14:08:43Z,2026-10-02T14:08:55Z,complete,head,true,true,true,0,2026-10-02T14:08:55.810632Z,2026-10-02T14:08:57.855115Z,
0xa05d7f56224695fd0c900d4535e949da9a8c15bde465a9fcdfa5ff873d7c0b27,42161,receipts,research,511007383,511007383,2026-10-02T14:10:45Z,2026-10-02T14:10:45Z,complete,head,true,true,true,0,2026-10-02T14:11:12.641882Z,2026-10-02T14:11:13.735464Z,
0xa18ee4dccdc3ba21bd62985293dbe9f587d025e5d4c694becbec716f66220e02,42161,receipts,research,510997116,510997116,2026-10-02T13:26:03Z,2026-10-02T13:26:03Z,complete,finalized,true,true,true,0,2026-10-02T14:02:38.259928Z,2026-10-02T14:02:40.01953Z,
0xa2a695e10bfa712fc8e2dc42ffc2a6072b046bb2b7d1745eff98a5a0661d26b2,8453,receipts,research,,,,,error,head,true,true,true,0,2026-10-02T14:09:32.087275Z,2026-10-02T14:09:32.231286Z,rpc_transport_or_timeout
0xa3320bddbeb49d7208662aefb8233996f3d542f11ee7d11cdf6d0eb8102c457d,8453,probes,catchup,52080284,52080284,2026-10-02T14:05:15Z,2026-10-02T14:05:15Z,complete,head,true,true,true,0,2026-10-02T14:05:15.241345Z,2026-10-02T14:05:16.716625Z,
0xa3463ff9f91ea0613d051ceac256af2b5a1a24611af57126adde23f8e5747bb6,8453,receipts,research,52078094,52078094,2026-10-02T12:52:15Z,2026-10-02T12:52:15Z,complete,finalized,true,true,true,0,2026-10-02T13:27:08.413548Z,2026-10-02T13:27:09.235328Z,
0xa41ade70ad7ea0d9e3c37e2f3875d2a43a94ec6f0166faf58a2d0d6b9e28f5c0,8453,receipts,research,52077975,52077975,2026-10-02T12:48:17Z,2026-10-02T12:48:17Z,complete,finalized,true,true,true,0,2026-10-02T13:24:48.647269Z,2026-10-02T13:24:49.431935Z,
0xa4dad60a45a4c8016aec71135ce116dea7b369a51590133671c8bc167f90a273,8453,receipts,research,52080224,52080224,2026-10-02T14:03:15Z,2026-10-02T14:03:15Z,complete,head,true,true,true,0,2026-10-02T14:04:22.297617Z,2026-10-02T14:04:22.95375Z,
0xa52f405ddfc2f63e93f5d49742a2227643334854d0b3ea2e509526430b2963f4,42161,receipts,research,511000434,511000434,2026-10-02T13:40:28Z,2026-10-02T13:40:28Z,complete,finalized,true,true,true,0,2026-10-02T14:09:14.64162Z,2026-10-02T14:09:16.412218Z,
0xa63ddcf30624833a45d75a5de70360db52e292db8527a30c514da7e14750d03a,42161,receipts,research,511004187,511004187,2026-10-02T13:56:53Z,2026-10-02T13:56:53Z,complete,head,true,true,true,0,2026-10-02T14:05:52.88463Z,2026-10-02T14:05:54.631832Z,
0xa67355c4df883e26ba0380247c4849351b02356fab44a704c5e18c744aa14f4d,8453,receipts,research,52079719,52079719,2026-10-02T13:46:25Z,2026-10-02T13:46:25Z,complete,finalized,true,true,true,0,2026-10-02T13:59:45.823272Z,2026-10-02T13:59:46.483506Z,
0xa6f7749cc623fbe8addb9d1322c112f19206fa6d8ebcc507b0784ae88c0274ad,8453,receipts,research,52080391,52080391,2026-10-02T14:08:49Z,2026-10-02T14:08:49Z,complete,head,true,true,true,0,2026-10-02T14:09:02.994632Z,2026-10-02T14:09:03.647233Z,
0xa72891c5f6a31ea21c4a0a9538b37fba64313a4fb7514da7ac2d9995142adca9,8453,receipts,research,52078003,52078003,2026-10-02T12:49:13Z,2026-10-02T12:49:13Z,complete,finalized,true,true,true,0,2026-10-02T13:24:26.072193Z,2026-10-02T13:24:27.695908Z,
0xa7717a72bab41c4e58e51a8f5d4089cf68b0f3f72283cd76381457a7c6d1a947,8453,probes,catchup,52080263,52080263,2026-10-02T14:04:33Z,2026-10-02T14:04:33Z,complete,head,true,true,true,0,2026-10-02T14:04:34.42672Z,2026-10-02T14:04:36.01865Z,
0xa87cd027a66a167f6e3fe2162ca08b49830b205abc93e57951493c51a51c1ae6,8453,receipts,research,52078573,52078573,2026-10-02T13:08:13Z,2026-10-02T13:08:13Z,complete,finalized,true,true,true,0,2026-10-02T14:10:59.136124Z,2026-10-02T14:10:59.808145Z,
0xa8c5edacac8fa7b57a60863aa3c01f5d671b3bb44a293964d37cc0390cb2bd47,8453,receipts,research,,,,,error,head,true,true,true,0,2026-10-02T14:05:05.004054Z,2026-10-02T14:05:05.242255Z,rpc_transport_or_timeout
0xa904a386075b0abe5be7134bdf9a2db8b5f1d1a2946aa6cbb5ee14345237f3b3,8453,receipts,research,52080461,52080461,2026-10-02T14:11:09Z,2026-10-02T14:11:09Z,complete,head,true,true,true,0,2026-10-02T14:11:29.276861Z,2026-10-02T14:11:29.94703Z,
0xa9589d6f95d127cfd0edb8e5b0de26e44d907f24e80b220dd0ff20f71364af30,42161,probes,catchup,,,,,partial,head,true,true,true,0,2026-10-02T14:00:27.181463Z,2026-10-02T14:00:27.182996Z,skipped_budget
0xaa8971149cfa936b615e7719a62bc60e44ecc96b5318a936a6da584d6f237fce,42161,logs,catchup,510992840,510993351,2026-10-02T13:06:52Z,2026-10-02T13:09:08Z,partial,finalized,true,true,true,9,2026-10-02T13:58:28.915139Z,2026-10-02T13:58:31.826804Z,implementation_unknown: rpc_method_error
0xac7351f15030291e9dfc02e1c58e9f130d58769a7dfda9dcd292bd9d360ec345,8453,receipts,research,52079685,52079685,2026-10-02T13:45:17Z,2026-10-02T13:45:17Z,complete,finalized,true,true,true,0,2026-10-02T14:02:53.435508Z,2026-10-02T14:02:54.13066Z,
0xacc7bcbfebc3e12855c81d84cdb07f2874c73a9fbc4a1b405d49b42e029de49c,42161,probes,catchup,511004904,511004904,2026-10-02T14:00:03Z,2026-10-02T14:00:03Z,partial,head,true,true,true,0,2026-10-02T14:00:04.302609Z,2026-10-02T14:00:05.683402Z,rpc_error
0xad9bee7bbb12f30a8a72139bf401ddbc37ab46bcf176939a4bf077bafb05301a,8453,receipts,research,52078258,52078258,2026-10-02T12:57:43Z,2026-10-02T12:57:43Z,complete,finalized,true,true,true,0,2026-10-02T13:24:40.832832Z,2026-10-02T13:24:41.521942Z,
0xadc46198080874b2984583734427acc1cc24f85c327d3357bce706bff9098a11,8453,receipts,research,52079430,52079430,2026-10-02T13:36:47Z,2026-10-02T13:36:47Z,complete,finalized,true,true,true,0,2026-10-02T14:09:17.095506Z,2026-10-02T14:09:17.80962Z,
0xaec559446a3296d356088c823d46f947268fee46bb85f9959a441c91adb14ff9,8453,receipts,research,52078274,52078274,2026-10-02T12:58:15Z,2026-10-02T12:58:15Z,complete,finalized,true,true,true,0,2026-10-02T13:24:44.296355Z,2026-10-02T13:24:44.973811Z,
0xaed970a6a1141895d311c7f89b58522b3d3a06ad86e61eb952383027a5e3fc2a,8453,receipts,research,52077986,52077986,2026-10-02T12:48:39Z,2026-10-02T12:48:39Z,complete,finalized,true,true,true,0,2026-10-02T13:24:42.910344Z,2026-10-02T13:24:43.585029Z,
0xaef6ca67c8a46b3f4b19a9a91da056b595049b9bb7c0d0348271a799d8fbdfda,8453,logs,live,52080369,52080375,2026-10-02T14:08:05Z,2026-10-02T14:08:17Z,complete,head,true,true,true,0,2026-10-02T14:08:19.315926Z,2026-10-02T14:08:21.314366Z,
0xb00079de150340222f30558dacb5cd557421ad0ab725175ee2b55e9f76a6fab0,42161,probes,catchup,511004727,511004727,2026-10-02T13:59:16Z,2026-10-02T13:59:16Z,complete,head,true,true,true,0,2026-10-02T13:59:17.177109Z,2026-10-02T13:59:20.438849Z,
0xb00a9416ec9dcde3c776f2638b5943f42c3af653eb9c1b22f25c32c64a7d014b,8453,receipts,research,52080333,52080333,2026-10-02T14:06:53Z,2026-10-02T14:06:53Z,complete,head,true,true,true,0,2026-10-02T14:07:17.19574Z,2026-10-02T14:07:17.838334Z,
0xb02c33d81ae1e58bdac10604ed52fa23efe381567a7dc9503d607e79f7d2ad83,42161,receipts,research,,,,,error,head,true,true,true,0,2026-10-02T14:02:29.370275Z,2026-10-02T14:02:30.695081Z,rpc_transport_or_timeout
0xb07d50df8ef56ef7051fc9d513532f2cf30d410c7331c403fa3e19830fd29f12,8453,logs,live,52080406,52080412,2026-10-02T14:09:19Z,2026-10-02T14:09:31Z,complete,head,true,true,true,0,2026-10-02T14:09:32.514602Z,2026-10-02T14:09:34.336476Z,
0xb091040d8d5f9dc2fe64e092cf7882204c16819b54b69ae0006fe5c0bc757a44,8453,receipts,research,52078845,52078845,2026-10-02T13:17:17Z,2026-10-02T13:17:17Z,complete,finalized,true,true,true,0,2026-10-02T14:07:33.388744Z,2026-10-02T14:07:34.127286Z,
0xb0aba010c15e006969ad82aa86ff4daea80008e399ab51302264be837304dc1d,8453,receipts,research,52080114,52080114,2026-10-02T13:59:35Z,2026-10-02T13:59:35Z,complete,head,true,true,true,0,2026-10-02T14:00:29.110328Z,2026-10-02T14:00:29.899549Z,
0xb154a4b769f1933053b7486a324bca4f53786426944f865541fb2c08e1021efc,8453,receipts,research,52078260,52078260,2026-10-02T12:57:47Z,2026-10-02T12:57:47Z,complete,finalized,true,true,true,0,2026-10-02T13:24:31.58703Z,2026-10-02T13:24:32.24957Z,
0xb1883c214319883867f1b1d9461cc70930f1b6dbfbb41e9e66a1bc45323cae80,8453,receipts,research,,,,,error,head,true,true,true,0,2026-10-02T13:58:16.936265Z,2026-10-02T13:58:17.073457Z,rpc_transport_or_timeout
0xb3b27db93df8bba9dc43898f1b8004a57f59d7fa36e6a25f927face49e953b85,42161,receipts,research,510991328,510991328,2026-10-02T13:00:08Z,2026-10-02T13:00:08Z,complete,finalized,true,true,true,0,2026-10-02T13:26:57.279271Z,2026-10-02T13:26:58.460394Z,
0xb4b927cf8ef34289d3a7ebbd537616db3384d01be188da8f0c7943989719e663,42161,logs,catchup,510993864,510994375,2026-10-02T13:11:25Z,2026-10-02T13:13:42Z,partial,finalized,true,true,true,12,2026-10-02T13:59:11.775286Z,2026-10-02T13:59:17.102865Z,implementation_unknown: rpc_method_error
0xb5a944dc9e63a36db76cd720ea29b5a52f2fb4b683df747b6574ac50443fc317,42161,receipts,research,511007412,511007412,2026-10-02T14:10:53Z,2026-10-02T14:10:53Z,complete,head,true,true,true,0,2026-10-02T14:11:13.751879Z,2026-10-02T14:11:14.927584Z,
0xb5b12d9ece6ab212d92cbcc4edcf943c9b0411e4bae3e945cf882b1c35a43cbd,8453,receipts,research,52078700,52078700,2026-10-02T13:12:27Z,2026-10-02T13:12:27Z,complete,finalized,true,true,true,0,2026-10-02T14:08:12.738031Z,2026-10-02T14:08:13.385008Z,
0xb61a56abd1312bfe22671b5f2bd22043be07785e71303e37622a57435c47f296,42161,logs,catchup,510998984,510999495,2026-10-02T13:34:16Z,2026-10-02T13:36:26Z,partial,finalized,true,true,true,15,2026-10-02T14:02:45.494905Z,2026-10-02T14:02:51.332172Z,implementation_unknown: rpc_method_error
0xb69e19c984abd8814a6541167ba00b32ca271fc8d91a0ade49acb37df1c9be80,42161,receipts,research,511000352,511000352,2026-10-02T13:40:07Z,2026-10-02T13:40:07Z,complete,finalized,true,true,true,0,2026-10-02T14:03:22.28477Z,2026-10-02T14:03:23.844274Z,
0xb7f88f1bd1ff099452d594408542a1f7d71548382becd8b5b5e8608fdfdb92ea,42161,logs,catchup,511004616,511005127,2026-10-02T13:58:46Z,2026-10-02T14:01:01Z,complete,head,true,true,true,0,2026-10-02T14:05:58.729474Z,2026-10-02T14:06:05.47401Z,
0xb84c03261fb00602022e509b19db27ed178355f8ff5151f6a17735f7beb4ff3e,8453,receipts,research,52079862,52079862,2026-10-02T13:51:11Z,2026-10-02T13:51:11Z,complete,head,true,true,true,0,2026-10-02T14:00:09.811201Z,2026-10-02T14:00:10.476184Z,
0xb9000e3017588b547800702800113360dcccc581f2d114c44915bc559604faa7,8453,receipts,research,,,,,error,head,true,true,true,0,2026-10-02T14:10:18.064284Z,2026-10-02T14:10:18.272013Z,rpc_method_error
0xbaaa34f0a4f4c90a9b2e4631ebc58b4b6774578c619aaf88515551f3f8a4cd35,42161,receipts,research,511006179,511006179,2026-10-02T14:05:36Z,2026-10-02T14:05:36Z,complete,head,true,true,true,0,2026-10-02T14:07:34.141393Z,2026-10-02T14:07:35.280472Z,
0xbad32d50ee675922d240e1f01f2c69b375eb4ed6cc42455403a7ef7ee69e4c8b,8453,receipts,research,52079813,52079813,2026-10-02T13:49:33Z,2026-10-02T13:49:33Z,complete,head,true,true,true,0,2026-10-02T14:07:20.225216Z,2026-10-02T14:07:20.884146Z,
0xbb7a29749f636b62073c467af461ceb54142b8a55b36720c8a8e7d3ef0f1a0c9,8453,receipts,research,52078108,52078108,2026-10-02T12:52:43Z,2026-10-02T12:52:43Z,complete,finalized,true,true,true,0,2026-10-02T13:24:35.961053Z,2026-10-02T13:24:36.653041Z,
0xbb981961ee98e771650d8348c62cefcd7ad6363a88e858af444c6fc1e0bd6d8e,42161,receipts,research,510997353,510997353,2026-10-02T13:27:07Z,2026-10-02T13:27:07Z,complete,finalized,true,true,true,0,2026-10-02T14:02:00.98606Z,2026-10-02T14:02:02.381161Z,
0xbca88a3c1316678a40c4e5e660628cd3ef08cc989b242284fbae1d746e41d408,8453,receipts,research,52079954,52079954,2026-10-02T13:54:15Z,2026-10-02T13:54:15Z,complete,head,true,true,true,0,2026-10-02T13:58:38.623612Z,2026-10-02T13:58:40.075159Z,
0xbcd74b0fb24a64fd372c8c13b1d2441f7b87b5d8488c27d51bf181b88e5e0622,8453,receipts,research,52078467,52078467,2026-10-02T13:04:41Z,2026-10-02T13:04:41Z,complete,finalized,true,true,true,0,2026-10-02T14:02:52.751778Z,2026-10-02T14:02:53.419588Z,
0xbd91cd366296103041933b243b48b980bb41452a60fbb000bb0198660946644c,8453,receipts,research,,,,,error,head,true,true,true,0,2026-10-02T14:07:59.545528Z,2026-10-02T14:07:59.751913Z,rpc_method_error
0xbde7a42bf2c618df6db7351d842e327c7e58c4ffa5850db6ff6c2d6e47c37b88,42161,probes,catchup,,,,,partial,head,true,true,true,0,2026-10-02T13:59:22.226019Z,2026-10-02T13:59:22.235749Z,skipped_budget
0xbde9440b33a4797fe073beee0cac9b510f70705346129f53f03152e5db1a2618,42161,logs,catchup,511006152,511006433,2026-10-02T14:05:29Z,2026-10-02T14:06:42Z,complete,head,true,true,true,0,2026-10-02T14:06:46.812773Z,2026-10-02T14:06:51.482874Z,
0xbdf0cf6d37005e4ee134cdca1ce2671f45189e2fcbec85dbf8b4c8f3f51cade4,8453,receipts,research,52080057,52080057,2026-10-02T13:57:41Z,2026-10-02T13:57:41Z,complete,head,true,true,true,0,2026-10-02T14:02:52.074944Z,2026-10-02T14:02:52.735552Z,
0xbe4b005827d82a7c9c6889e16f1078311b1735ba86e33be5ae731f41df437a48,8453,receipts,research,52079469,52079469,2026-10-02T13:38:05Z,2026-10-02T13:38:05Z,complete,finalized,true,true,true,0,2026-10-02T14:09:48.799906Z,2026-10-02T14:09:49.459092Z,
0xbf07697cbdda141d6ce88fc47e9c4bd7faf03874b23b4f2cc7ba7f2abe04e1a4,8453,receipts,research,52080387,52080387,2026-10-02T14:08:41Z,2026-10-02T14:08:41Z,complete,head,true,true,true,0,2026-10-02T14:08:50.517329Z,2026-10-02T14:08:51.2459Z,
0xbf2cf3ce13d69711a1a43cba2c63d638549855f177e54a87e91078e18390c740,8453,receipts,research,52078861,52078861,2026-10-02T13:17:49Z,2026-10-02T13:17:49Z,complete,finalized,true,true,true,0,2026-10-02T13:57:54.893712Z,2026-10-02T13:57:55.613007Z,
0xbfa641d690d317154ef64f3b7f1acd09cebf4d7025341311d6583e5b0ac82b10,8453,receipts,research,52078922,52078922,2026-10-02T13:19:51Z,2026-10-02T13:19:51Z,complete,finalized,true,true,true,0,2026-10-02T14:10:58.467006Z,2026-10-02T14:10:59.122494Z,
0xbff384b0de9d25ef3e6356fc3ee1031c98c4c0a2c08f8e0322493298201b234a,8453,logs,live,52080111,52080121,2026-10-02T13:59:29Z,2026-10-02T13:59:49Z,complete,head,true,true,true,0,2026-10-02T13:59:50.566097Z,2026-10-02T13:59:52.569465Z,
0xc021456afa8af134ea873dd3287c8f3fde2d40b7cc807dae5d1e066a071e4aa0,8453,receipts,research,52080098,52080098,2026-10-02T13:59:03Z,2026-10-02T13:59:03Z,complete,head,true,true,true,0,2026-10-02T14:10:01.202419Z,2026-10-02T14:10:01.86178Z,
0xc026c58c9ac237a4b6f06f9471b698f59eb0a4c429ebd0cd227a4f9511e50363,8453,receipts,research,52079371,52079371,2026-10-02T13:34:49Z,2026-10-02T13:34:49Z,complete,finalized,true,true,true,0,2026-10-02T14:02:40.040881Z,2026-10-02T14:02:40.709335Z,
0xc08f5f2312d656b7bc02bed37e0e66f223cd996c70730bce2901a0e09e6e05a5,8453,receipts,research,52079295,52079295,2026-10-02T13:32:17Z,2026-10-02T13:32:17Z,complete,finalized,true,true,true,0,2026-10-02T13:58:14.928688Z,2026-10-02T13:58:15.582494Z,
0xc1a5500e9e366d7b3fb7f491f8133bf5704085dcbb232078564cd2ebf0ec6772,8453,receipts,research,,,,,error,head,true,true,true,0,2026-10-02T14:10:17.849733Z,2026-10-02T14:10:18.055129Z,rpc_method_error
0xc2ce55b866f17b995fa81f8d9e1aea8113983cd44aa84be416da493890d3f931,8453,probes,catchup,,,,,partial,head,true,true,true,0,2026-10-02T14:10:15.816222Z,2026-10-02T14:10:16.399679Z,rpc_error
0xc3cadc4789776be34681a793fb5fc70dcb64b84a87251435b216348c970f32cb,8453,receipts,research,52079429,52079429,2026-10-02T13:36:45Z,2026-10-02T13:36:45Z,complete,finalized,true,true,true,0,2026-10-02T14:02:54.826176Z,2026-10-02T14:02:55.508681Z,
0xc4820d959ab1b6b7fcbbd4aa9c3070b5bf89e3fa7f9f1b1ac84aa5442e45e329,42161,receipts,research,,,,,error,head,true,true,true,0,2026-10-02T14:09:07.333466Z,2026-10-02T14:09:07.995464Z,rpc_response_read_timeout
0xc4b349d74907431ea889904b391d299cad8367973021ec79950947c791c777e2,42161,logs,catchup,511002568,511003079,2026-10-02T13:49:48Z,2026-10-02T13:52:01Z,complete,finalized,true,true,true,0,2026-10-02T14:04:49.6666Z,2026-10-02T14:04:55.713581Z,
0xc4b9a94216fa480fa431f0f0fd017f8f7d5d24999ca33b5a21393d1af42bd869,42161,logs,catchup,511007236,511007295,2026-10-02T14:10:07Z,2026-10-02T14:10:22Z,complete,head,true,true,true,0,2026-10-02T14:10:25.58006Z,2026-10-02T14:10:31.184147Z,
0xc4bf56df4d70de7fc9b60620fe09e20a39479c66ba2cdc63bff5c0252300a094,8453,receipts,research,52078331,52078331,2026-10-02T13:00:09Z,2026-10-02T13:00:09Z,complete,finalized,true,true,true,0,2026-10-02T13:24:39.430546Z,2026-10-02T13:24:40.127093Z,
0xc62127486671deee0257317027a13d4dba821341a563742a059197442693263f,8453,receipts,research,52079786,52079786,2026-10-02T13:48:39Z,2026-10-02T13:48:39Z,complete,finalized,true,true,true,0,2026-10-02T14:01:14.590771Z,2026-10-02T14:01:15.469231Z,
0xc66f2fe974987def2b48bbc1426cf235ff77418d081f63bd373bbc6252e292d9,8453,receipts,research,52079545,52079545,2026-10-02T13:40:37Z,2026-10-02T13:40:37Z,complete,finalized,true,true,true,0,2026-10-02T13:59:23.514992Z,2026-10-02T13:59:24.193743Z,
0xc69ebcd0f3f90105947b2c8dcafeaad8fe3f25f93000329cadfbdbd8545330ff,42161,logs,catchup,510994376,510994887,2026-10-02T13:13:42Z,2026-10-02T13:15:59Z,partial,finalized,true,true,true,14,2026-10-02T13:59:30.85072Z,2026-10-02T13:59:38.39745Z,implementation_unknown: rpc_method_error
0xc6e91dff5eda28d50d2891412c4dcb61075aacba32818aab7c80ff1b965d7b8d,8453,receipts,research,52078304,52078304,2026-10-02T12:59:15Z,2026-10-02T12:59:15Z,complete,finalized,true,true,true,0,2026-10-02T13:24:38.740111Z,2026-10-02T13:24:39.414628Z,
0xc70c0572b971817b5a85f22c4e0f6b989db09b9cedce94a116c33ab16ac5d3cd,8453,receipts,research,52077961,52077961,2026-10-02T12:47:49Z,2026-10-02T12:47:49Z,complete,finalized,true,true,true,0,2026-10-02T13:27:07.697103Z,2026-10-02T13:27:08.378087Z,
0xc7ef0148924cde912204b19f03d4446dc7e033e79b61ff7044e318aebea0c11f,42161,logs,catchup,511005128,511005639,2026-10-02T14:01:02Z,2026-10-02T14:03:14Z,complete,head,true,true,true,0,2026-10-02T14:06:16.455619Z,2026-10-02T14:06:21.326672Z,
0xc8c77ca51fe01a0ac42f3d2c357d83448772b4235bee7b96ab400646f8abdb63,8453,receipts,research,52077943,52077943,2026-10-02T12:47:13Z,2026-10-02T12:47:13Z,complete,finalized,true,true,true,0,2026-10-02T13:24:44.99054Z,2026-10-02T13:24:45.661227Z,
0xc8cf108eadde83583e1f1723d3d8a8e64bc6d971bfd9a59fb8fe0615fb0e05e9,8453,receipts,research,52077967,52077967,2026-10-02T12:48:01Z,2026-10-02T12:48:01Z,complete,finalized,true,true,true,0,2026-10-02T13:27:06.922973Z,2026-10-02T13:27:07.651835Z,
0xc8fc2007e311c0fe3600c341f8c23b805906193d6395c0948febb0e37a217bfb,8453,receipts,research,,,,,error,head,true,true,true,0,2026-10-02T14:09:07.110103Z,2026-10-02T14:09:07.324672Z,rpc_method_error
0xca987eb3a0b644d8199b84a4bb38cf1c3e225b402c9b6e591ff682efdb2e3051,42161,receipts,research,511003698,511003698,2026-10-02T13:54:45Z,2026-10-02T13:54:45Z,complete,head,true,true,true,0,2026-10-02T14:10:18.709014Z,2026-10-02T14:10:19.871501Z,
0xcb29d5a42cecd1b238eaaff5f61b81f995ec6b29eed79a2346d7961a4f5237db,8453,receipts,research,52078430,52078430,2026-10-02T13:03:27Z,2026-10-02T13:03:27Z,complete,finalized,true,true,true,0,2026-10-02T13:25:01.163542Z,2026-10-02T13:25:01.864081Z,
0xcb4e38192a61a9450111ebb1f67e80d83778fc28594ea153a90e8801612d010b,8453,receipts,research,52078855,52078855,2026-10-02T13:17:37Z,2026-10-02T13:17:37Z,complete,finalized,true,true,true,0,2026-10-02T14:08:15.551807Z,2026-10-02T14:08:16.229117Z,
0xcb5719ec53bb352237bf6ae11883557122575c4eb11eba66e073920502d2d0e7,8453,receipts,research,52078600,52078600,2026-10-02T13:09:07Z,2026-10-02T13:09:07Z,complete,finalized,true,true,true,0,2026-10-02T14:00:13.401438Z,2026-10-02T14:00:14.099658Z,
0xcb916cc8a80d3bbd7f611632213462862bb83c8d661f3f120d03c92aa870fa4f,8453,receipts,research,52078828,52078828,2026-10-02T13:16:43Z,2026-10-02T13:16:43Z,complete,finalized,true,true,true,0,2026-10-02T14:08:53.316583Z,2026-10-02T14:08:53.990075Z,
0xcb96aa62542c349983bf44c7369ec21d5fc158d0988e59c7e7043d652a225cdf,8453,probes,catchup,52080265,52080265,2026-10-02T14:04:37Z,2026-10-02T14:04:37Z,partial,head,true,true,true,0,2026-10-02T14:04:37.402034Z,2026-10-02T14:04:39.287288Z,rpc_error
0xcc3a95502e073393b06077a53e4625eed4655b0f7cc4e053c38545db599ad818,8453,receipts,research,52078915,52078915,2026-10-02T13:19:37Z,2026-10-02T13:19:37Z,complete,finalized,true,true,true,0,2026-10-02T14:06:11.062518Z,2026-10-02T14:06:11.79768Z,
0xcd910bf79931f7139fd65217a99e2ee317f2a512850a72753ae6095bddea41ea,8453,receipts,research,52079545,52079545,2026-10-02T13:40:37Z,2026-10-02T13:40:37Z,complete,finalized,true,true,true,0,2026-10-02T13:58:40.772603Z,2026-10-02T13:58:41.483702Z,
0xce3c45a05dbdb435cb25add0a473bb8d56de429439936661eba94e13c71cb26c,42161,probes,catchup,,,,,partial,head,true,true,true,0,2026-10-02T13:58:58.468743Z,2026-10-02T13:58:58.469592Z,skipped_budget
0xcfd1235ac3b5541b1840d92414f6b36f55de48adc59ba7990bba43a9464126e1,42161,receipts,research,511000965,511000965,2026-10-02T13:42:48Z,2026-10-02T13:42:48Z,complete,finalized,true,true,true,0,2026-10-02T14:03:46.985768Z,2026-10-02T14:03:48.868076Z,
0xd087cc69c9e1822c13205193df2ec2d73d37f95675f190b47b67d4fc7dd743b0,8453,receipts,research,52078663,52078663,2026-10-02T13:11:13Z,2026-10-02T13:11:13Z,complete,finalized,true,true,true,0,2026-10-02T14:05:04.163581Z,2026-10-02T14:05:04.989675Z,
0xd145420c2d6baf818d4e6c785876f26d2afd398fe96ddccaf880fd825ae0a1d9,42161,probes,catchup,511005337,511005337,2026-10-02T14:01:56Z,2026-10-02T14:01:56Z,partial,head,true,true,true,0,2026-10-02T14:01:56.649796Z,2026-10-02T14:01:58.468173Z,rpc_error
0xd2cf2b7b1ca2135c56f05fe46a2b9e5cfc0951554f356ac3304503a9b6ae7c18,8453,receipts,research,52077985,52077985,2026-10-02T12:48:37Z,2026-10-02T12:48:37Z,complete,finalized,true,true,true,0,2026-10-02T13:24:35.155005Z,2026-10-02T13:24:35.942547Z,
0xd2e7674b1e66179ebfb9b31869b3c495606095c5be85e178a4195ca5d0564ba0,8453,logs,live,,,,,error,head,true,true,true,0,2026-10-02T14:06:45.78476Z,2026-10-02T14:06:45.990749Z,rpc_method_error
0xd3402b25ffbcfda47572ee4202e8d56f35b20c6fb141065c86923feff2bf5df4,42161,logs,catchup,511007104,511007180,2026-10-02T14:09:33Z,2026-10-02T14:09:53Z,complete,head,true,true,true,0,2026-10-02T14:09:54.653819Z,2026-10-02T14:10:00.397565Z,
0xd42ce13752af901ab3a763571d3e736893a4ec1f8c2312c7cfe0e7ce22babcf4,42161,probes,catchup,511004569,511004569,2026-10-02T13:58:33Z,2026-10-02T13:58:33Z,partial,head,true,true,true,0,2026-10-02T13:58:34.398573Z,2026-10-02T13:58:36.896606Z,rpc_error
0xd4d1da1875e997847ff4c6a7cc605b15d9fb11260979b11ac36c46d8181d08b6,42161,receipts,research,,,,,error,head,true,true,true,0,2026-10-02T14:02:55.528286Z,2026-10-02T14:02:56.343683Z,rpc_transport_or_timeout
0xd55be31c1888076feb02d0cd67b954239bb8ff57d7c0b3aab40594d6234b91ca,42161,receipts,research,510997289,510997289,2026-10-02T13:26:51Z,2026-10-02T13:26:51Z,complete,finalized,true,true,true,0,2026-10-02T14:02:27.17975Z,2026-10-02T14:02:29.354034Z,
0xd5cb3f73a7ded0a71ae795f02ca53de08c238903675f0a7dbfb7ea5a589455f8,8453,receipts,research,52078410,52078410,2026-10-02T13:02:47Z,2026-10-02T13:02:47Z,complete,finalized,true,true,true,0,2026-10-02T13:24:28.669949Z,2026-10-02T13:24:29.342624Z,
0xd6870b9c435a4660a55b7fead25dba6db3858739253d05eb112793ff5398aff8,8453,receipts,research,52078397,52078397,2026-10-02T13:02:21Z,2026-10-02T13:02:21Z,complete,finalized,true,true,true,0,2026-10-02T13:24:29.355893Z,2026-10-02T13:24:30.203237Z,
0xd6d0272b82dae249bd283d72624d32a38da3cddc6395a50350d10788ca325631,8453,receipts,research,52078562,52078562,2026-10-02T13:07:51Z,2026-10-02T13:07:51Z,complete,finalized,true,true,true,0,2026-10-02T14:00:53.776732Z,2026-10-02T14:00:54.441399Z,
0xd6d1de6ce1a0c87f3c6fcf67af50de0ce312fba871eaa4792a88747e4e19fa72,8453,receipts,research,52079654,52079654,2026-10-02T13:44:15Z,2026-10-02T13:44:15Z,complete,finalized,true,true,true,0,2026-10-02T14:00:52.330687Z,2026-10-02T14:00:52.986927Z,
0xd6f847e42d03250a58c32fb8022284b09812e528aa9f01a51db86fdb53fbbca9,8453,receipts,research,52079732,52079732,2026-10-02T13:46:51Z,2026-10-02T13:46:51Z,complete,finalized,true,true,true,0,2026-10-02T13:59:22.773835Z,2026-10-02T13:59:23.441777Z,
0xd79decdc928adbf7d882ab2b8203862b9b5b90305b70bfab39532e38f9b9da75,8453,receipts,research,52078100,52078100,2026-10-02T12:52:27Z,2026-10-02T12:52:27Z,complete,finalized,true,true,true,0,2026-10-02T13:24:40.140647Z,2026-10-02T13:24:40.816801Z,
0xd82252b6c12be612f5787540e9f0909f2e6917463a845f05967ad208dd029cb1,8453,receipts,research,,,,,error,head,true,true,true,0,2026-10-02T14:07:59.116618Z,2026-10-02T14:07:59.318924Z,rpc_method_error
0xd8408cc3d27f6ae6a43399c8f27e7e64fdea13db46e675163b58fea24fc95faf,42161,logs,catchup,511007373,511007451,2026-10-02T14:10:43Z,2026-10-02T14:11:03Z,complete,head,true,true,true,0,2026-10-02T14:11:04.799613Z,2026-10-02T14:11:10.868189Z,
0xd912fcc57fe05591d952005448825abe49a5a41d93631ea16de2478c3adf3013,42161,logs,catchup,510992328,510992839,2026-10-02T13:04:37Z,2026-10-02T13:06:52Z,partial,finalized,true,true,true,13,2026-10-02T13:58:03.099594Z,2026-10-02T13:58:06.637539Z,implementation_unknown: rpc_method_error
0xda9ee928a80b57e1f6238670f789b4a183a0124d600c7bcfef7174fc7cfe0f0d,8453,receipts,research,52078651,52078651,2026-10-02T13:10:49Z,2026-10-02T13:10:49Z,complete,finalized,true,true,true,0,2026-10-02T13:59:46.498013Z,2026-10-02T13:59:47.140294Z,
0xdb09469bb7bd218410a882a475c36a81e236c13b9701fcb47b1daa8da325f338,8453,probes,catchup,52080332,52080332,2026-10-02T14:06:51Z,2026-10-02T14:06:51Z,complete,head,true,true,true,0,2026-10-02T14:06:51.570757Z,2026-10-02T14:06:53.121849Z,
0xdb854febb01abcb9812252bcb1efac6b8b6f2a15cc118a7ed6b03e698e2ff47c,8453,receipts,research,,,,,error,head,true,true,true,0,2026-10-02T14:06:43.106206Z,2026-10-02T14:06:43.421814Z,rpc_transport_or_timeout
0xdbbb8f6150b8914186ad13b74b89858090f159bf0f6aedeb314cb8a93214bb5b,8453,logs,live,52080348,52080355,2026-10-02T14:07:23Z,2026-10-02T14:07:37Z,complete,head,true,true,true,0,2026-10-02T14:07:37.939758Z,2026-10-02T14:07:39.982168Z,
0xdbfdb7005ebee03fe497aa871f3d5693c22c240bdb8357f4f76584aa6f72b138,8453,receipts,research,,,,,error,head,true,true,true,0,2026-10-02T14:05:55.331019Z,2026-10-02T14:05:55.549593Z,rpc_transport_or_timeout
0xdc0d361e05f7d2c1bdebd469701490822868a99f49a75e9e2183d390cbdc85de,8453,logs,live,52080448,52080456,2026-10-02T14:10:43Z,2026-10-02T14:10:59Z,complete,head,true,true,true,0,2026-10-02T14:11:01.153818Z,2026-10-02T14:11:03.957517Z,
0xdc49797d61875b9f846cb5e9175fa0f6c7188ab1884b0ab72d1f53955a7906e6,8453,receipts,research,52080260,52080260,2026-10-02T14:04:27Z,2026-10-02T14:04:27Z,complete,head,true,true,true,0,2026-10-02T14:05:02.288015Z,2026-10-02T14:05:03.015988Z,
0xdc91c11e6acb9aa9b624de0a815a9344460518607fb72785899efa2cc83fd8c9,8453,receipts,research,52079360,52079360,2026-10-02T13:34:27Z,2026-10-02T13:34:27Z,complete,finalized,true,true,true,0,2026-10-02T14:05:38.936099Z,2026-10-02T14:05:39.600791Z,
0xddc2e2dae93e9f73445f47177ef594524be1b9fa1571c126002a7779babdc55d,42161,receipts,research,511007658,511007658,2026-10-02T14:11:55Z,2026-10-02T14:11:55Z,complete,head,true,true,true,0,2026-10-02T14:12:13.951781Z,2026-10-02T14:12:16.211177Z,
0xde2e5ce771a81169a2f342fc8406c97b5e467ccef7613076dce4264ca8c7ee07,42161,logs,catchup,511007452,511007509,2026-10-02T14:11:03Z,2026-10-02T14:11:17Z,complete,head,true,true,true,0,2026-10-02T14:11:19.412825Z,2026-10-02T14:11:28.550701Z,
0xdf5435d923d16aba336f89e6649ae8d70cf3e5342e1da5852cdbe049173ed761,8453,receipts,research,52079150,52079150,2026-10-02T13:27:27Z,2026-10-02T13:27:27Z,complete,finalized,true,true,true,0,2026-10-02T13:58:14.256546Z,2026-10-02T13:58:14.914615Z,
0xdf679534de6e898b47f2ca5b2cc44ce94a1ce7fe7f88c907269f1abfeae55c1a,42161,probes,catchup,,,,,partial,head,true,true,true,0,2026-10-02T13:57:48.760407Z,2026-10-02T13:57:48.761398Z,skipped_budget
0xdf67aa1abcb3b46c66e3c0eb22a286362bd0292ab8001e193398bbade3fcaa6a,42161,probes,catchup,,,,,partial,head,true,true,true,0,2026-10-02T13:58:11.815974Z,2026-10-02T13:58:11.817052Z,skipped_budget
0xdf7204199055d952386b9fda9263b94aea3b7168f153df45aab8359e88a2ca09,42161,receipts,research,,,,,error,head,true,true,true,0,2026-10-02T14:10:19.889859Z,2026-10-02T14:10:21.415409Z,rpc_transport_or_timeout
0xdf9ea3a4e599318645515498d3ae476d715daf62d71cfa52353d6691c8383466,8453,receipts,research,52080009,52080009,2026-10-02T13:56:05Z,2026-10-02T13:56:05Z,complete,head,true,true,true,0,2026-10-02T14:09:47.468159Z,2026-10-02T14:09:48.117241Z,
0xdffb91f2b7d85db4282fde27209e00d97de1dc4d0cf8da5c8c7850b7c3eebf77,42161,receipts,research,510997283,510997283,2026-10-02T13:26:49Z,2026-10-02T13:26:49Z,complete,finalized,true,true,true,0,2026-10-02T14:05:18.879129Z,2026-10-02T14:05:20.42459Z,
0xe0618544bebcd9f8d1ca59791ec46a985020989719b7285c078417ef602d033e,42161,probes,catchup,,,,,partial,head,true,true,true,0,2026-10-02T13:59:44.059845Z,2026-10-02T13:59:44.060803Z,skipped_budget
0xe1048f3c189d1fc24f4b9f4eb316277f73901491ff4f3da730a0ebe9b0e63717,8453,receipts,research,52079004,52079004,2026-10-02T13:22:35Z,2026-10-02T13:22:35Z,complete,finalized,true,true,true,0,2026-10-02T14:07:00.160449Z,2026-10-02T14:07:00.830421Z,
0xe13302f86621162357fdca0d77d92392d9f1ef489ac46c2bffbbd95690bd30bd,8453,receipts,research,52079650,52079650,2026-10-02T13:44:07Z,2026-10-02T13:44:07Z,complete,finalized,true,true,true,0,2026-10-02T14:08:14.073015Z,2026-10-02T14:08:14.730167Z,
0xe15eb454bf018dbc802529e54bd1bd297d0254704828473e2b0aa03c66ebe4d7,8453,receipts,research,52078631,52078631,2026-10-02T13:10:09Z,2026-10-02T13:10:09Z,complete,finalized,true,true,true,0,2026-10-02T14:06:10.371175Z,2026-10-02T14:06:11.046925Z,
0xe1a15bcf4c62247fa71a7d12e2d74a113da8bb8821362e0f9354a7a5cdd90bfe,8453,logs,live,52080337,52080347,2026-10-02T14:07:01Z,2026-10-02T14:07:21Z,complete,head,true,true,true,0,2026-10-02T14:07:22.419116Z,2026-10-02T14:07:24.663191Z,
0xe38ecbf36afab973dfc006b3fe857379398074a088f2f9acfc2f1c2b1f99dda8,8453,receipts,research,52078264,52078264,2026-10-02T12:57:55Z,2026-10-02T12:57:55Z,complete,finalized,true,true,true,0,2026-10-02T13:24:36.665622Z,2026-10-02T13:24:37.34515Z,
0xe44283a7d49c909bc1251ea88bcc12c1fdc4b89ccf7fdeffc398d33a2767a503,8453,receipts,research,52079937,52079937,2026-10-02T13:53:41Z,2026-10-02T13:53:41Z,complete,head,true,true,true,0,2026-10-02T13:59:24.21083Z,2026-10-02T13:59:24.858584Z,
0xe451a9bf5bd3ac760e858637b60e3880beb0e68bf6850d1f074b341f4e8198b9,42161,receipts,research,,,,,error,head,true,true,true,0,2026-10-02T14:11:14.942237Z,2026-10-02T14:11:15.883201Z,rpc_response_read_timeout
0xe48f0c346546e58cc92dcc27f5d8dc0883620f3ec7da72780698f15e19107bee,42161,probes,catchup,,,,,partial,head,true,true,true,0,2026-10-02T13:59:43.757571Z,2026-10-02T13:59:43.936437Z,skipped_budget
0xe4c27befc1c2decd2facefd92ca6c74fa498d0a5ba62d8a3897e51482c5f15e0,8453,receipts,research,52078965,52078965,2026-10-02T13:21:17Z,2026-10-02T13:21:17Z,complete,finalized,true,true,true,0,2026-10-02T14:07:48.231454Z,2026-10-02T14:07:49.01521Z,
0xe4c5be082c777b514539173aa38b8b8d88fbf808202faa80f5748fe747ca51aa,8453,logs,catchup,52079473,52079984,2026-10-02T13:38:13Z,2026-10-02T13:55:15Z,complete,head,true,true,true,0,2026-10-02T13:58:18.121041Z,2026-10-02T13:58:22.585308Z,
0xe4ee8652d3a9ee8c55ed6ebd3291487bc1d29ee082a5c68a02fd577082dbd345,8453,receipts,research,,,,,error,head,true,true,true,0,2026-10-02T14:07:21.692873Z,2026-10-02T14:07:22.196555Z,rpc_transport_or_timeout
0xe55400667f5afbd298d58155e5160eb2802dc1f3f0995f8c0f46177be2c6828f,8453,receipts,research,52080002,52080002,2026-10-02T13:55:51Z,2026-10-02T13:55:51Z,complete,head,true,true,true,0,2026-10-02T14:08:54.01015Z,2026-10-02T14:08:54.657948Z,
0xe555c0f28fb6da1030e6c65f6e74d16b18301bec0b4355274bfb6224efeb8666,8453,receipts,research,,,,,error,head,true,true,true,0,2026-10-02T14:06:13.186106Z,2026-10-02T14:06:13.49014Z,rpc_transport_or_timeout
0xe5db35c5d32cad0224a343a2e9d9760dabed3c020bff5b94886ce9eb0d04137a,8453,logs,live,52080320,52080328,2026-10-02T14:06:27Z,2026-10-02T14:06:43Z,error,head,true,true,true,0,2026-10-02T14:06:43.664064Z,2026-10-02T14:06:45.564708Z,rpc_method_error
0xe812d0c4519340a9b5796a9fe940473260d9334eb13f2924333513faf2e764a9,8453,receipts,research,52079680,52079680,2026-10-02T13:45:07Z,2026-10-02T13:45:07Z,complete,finalized,true,true,true,0,2026-10-02T13:58:41.504506Z,2026-10-02T13:58:42.384913Z,
0xe8b96db05cda9db7c2c1418f18db424dc4540016c042f4839aed4d921269c215,8453,receipts,research,52080043,52080043,2026-10-02T13:57:13Z,2026-10-02T13:57:13Z,complete,head,true,true,true,0,2026-10-02T14:02:40.727776Z,2026-10-02T14:02:41.407161Z,
0xe8f80fea7b26aa28a6b2dccf1e56945f92c9fbf944220a2edfc923e95405c8f0,8453,receipts,research,52079663,52079663,2026-10-02T13:44:33Z,2026-10-02T13:44:33Z,complete,finalized,true,true,true,0,2026-10-02T14:08:01.445377Z,2026-10-02T14:08:02.525444Z,
0xe927b610e57f9b852b7d0d074215573a3f55d240c2f4c49997794bddc3abbc38,8453,probes,catchup,52080246,52080246,2026-10-02T14:03:59Z,2026-10-02T14:03:59Z,complete,head,true,true,true,0,2026-10-02T14:03:59.307516Z,2026-10-02T14:04:00.837143Z,
0xe952eba8db23db4fadb1f6db30bc6607f6470063d911b58f7c26b847c1189905,8453,receipts,research,52078287,52078287,2026-10-02T12:58:41Z,2026-10-02T12:58:41Z,complete,finalized,true,true,true,0,2026-10-02T13:24:41.537232Z,2026-10-02T13:24:42.204534Z,
0xe975f67c5109c1a5d071d9e4af77f446125baf45bd06fc08705accef0aaf0c8d,8453,probes,catchup,,,,,partial,head,true,true,true,0,2026-10-02T14:06:37.779489Z,2026-10-02T14:06:38.399438Z,rpc_error
0xe97aab165a9a0fea1666e81798a18ad7f0d4b75fbc3065a3abb8ee34edb738d8,8453,receipts,research,52079844,52079844,2026-10-02T13:50:35Z,2026-10-02T13:50:35Z,complete,head,true,true,true,0,2026-10-02T14:00:53.00512Z,2026-10-02T14:00:53.747513Z,
0xe9d9270cb922a4de297fb8a2cd83201ba2f6e7e17d16eeb9769cc3f227684444,8453,logs,live,52080376,52080387,2026-10-02T14:08:19Z,2026-10-02T14:08:41Z,complete,head,true,true,true,0,2026-10-02T14:08:41.676682Z,2026-10-02T14:08:43.734342Z,
0xea42de667617b64fef64e9131197110965cbab115fca39f16c8363c81f46d7dd,42161,probes,catchup,,,,,partial,head,true,true,true,0,2026-10-02T14:01:09.727181Z,2026-10-02T14:01:09.730996Z,skipped_budget
0xea9529b6d5d7ec51bffea94f7360f9b228c512cc492c8fe15e1f454f0ddfdd63,42161,logs,catchup,511000008,511000519,2026-10-02T13:38:36Z,2026-10-02T13:40:51Z,complete,finalized,true,true,true,0,2026-10-02T14:03:15.09098Z,2026-10-02T14:03:20.634251Z,
0xeac3cfbd6a4749300240b317e150a5e70bd525ada0a6ead9b4a13cf76241e347,8453,receipts,research,,,,,error,head,true,true,true,0,2026-10-02T14:00:31.949121Z,2026-10-02T14:00:32.453598Z,rpc_transport_or_timeout
0xeaf8f0f4d43864d0b5f55bb8644a93237900935597f26c8cf6bad2dae4ee508a,8453,receipts,research,52080284,52080284,2026-10-02T14:05:15Z,2026-10-02T14:05:15Z,complete,head,true,true,true,0,2026-10-02T14:08:13.408939Z,2026-10-02T14:08:14.059538Z,
0xeb03b92912d3553808c6250776f7db9604af1162d711fe93283499e4177b0593,8453,receipts,research,52078780,52078780,2026-10-02T13:15:07Z,2026-10-02T13:15:07Z,complete,finalized,true,true,true,0,2026-10-02T13:57:52.728914Z,2026-10-02T13:57:53.413204Z,
0xeb11302bc8584153b19cc61c28f4b282bf4ce8768133ffc0091092ca957b5810,8453,receipts,research,52079861,52079861,2026-10-02T13:51:09Z,2026-10-02T13:51:09Z,complete,head,true,true,true,0,2026-10-02T14:06:57.327103Z,2026-10-02T14:06:57.98768Z,
0xebfefa3c9dda27e4d05adbd25328a95555eb51cfcda6befc7a99e2343142db12,8453,receipts,research,52080449,52080449,2026-10-02T14:10:45Z,2026-10-02T14:10:45Z,complete,head,true,true,true,0,2026-10-02T14:11:10.882977Z,2026-10-02T14:11:11.535376Z,
0xec219682fe784957a0a684b9583d9d6025656a90cafc8ca3e9b890b2c22511e4,8453,receipts,research,52078790,52078790,2026-10-02T13:15:27Z,2026-10-02T13:15:27Z,complete,finalized,true,true,true,0,2026-10-02T14:08:52.632646Z,2026-10-02T14:08:53.30153Z,
0xec36cc3558081e32f82c4cb97131d5ab0fcbdea2d30e474d07d0335719fa51e8,42161,probes,catchup,,,,,partial,head,true,true,true,0,2026-10-02T13:58:58.201386Z,2026-10-02T13:58:58.202729Z,skipped_budget
0xec7c7b86f7a8e1e0f1e70df4db4d29a53a5c15478db7b79e298f241ce4eca259,42161,probes,catchup,511004740,511004740,2026-10-02T13:59:19Z,2026-10-02T13:59:19Z,partial,head,true,true,true,0,2026-10-02T13:59:20.510949Z,2026-10-02T13:59:22.191944Z,rpc_error
0xedbc8a0a753d2653344f0f0fd561f220f572d30f4169e4e8ea93356ef5813df3,42161,receipts,research,511004395,511004395,2026-10-02T13:57:47Z,2026-10-02T13:57:47Z,complete,head,true,true,true,0,2026-10-02T14:05:51.694302Z,2026-10-02T14:05:52.870723Z,
0xee38e44c9a93d142c331f3501885cced84c7aedc6d9fc8084ffe028dc0ea6a87,8453,receipts,research,52080330,52080330,2026-10-02T14:06:47Z,2026-10-02T14:06:47Z,complete,head,true,true,true,0,2026-10-02T14:09:13.971653Z,2026-10-02T14:09:14.627769Z,
0xee7663ffe2be026507b595af220cace68de9d5ba7791372c44cfc782e54cbc50,42161,receipts,research,511005433,511005433,2026-10-02T14:02:20Z,2026-10-02T14:02:20Z,complete,head,true,true,true,0,2026-10-02T14:06:21.351348Z,2026-10-02T14:06:23.372382Z,
0xeeb74ccf92301b1e8273d58516a36150643e5034d208d4859a5eaa6224aa3e0c,42161,receipts,research,,,,,error,head,true,true,true,0,2026-10-02T14:08:55.3423Z,2026-10-02T14:08:55.518477Z,rpc_transport_or_timeout
0xeed0ecbfa0b1ea1d9b20288e7f3cabeca0667df8160f1ee5ffab4feda4255116,8453,receipts,research,52078510,52078510,2026-10-02T13:06:07Z,2026-10-02T13:06:07Z,complete,finalized,true,true,true,0,2026-10-02T13:57:55.627752Z,2026-10-02T13:57:56.294529Z,
0xeed4df78130b9a1a35f24c29ed52dd3141933fb0e712facd22ab033acddbc4b5,42161,receipts,research,511003791,511003791,2026-10-02T13:55:10Z,2026-10-02T13:55:10Z,complete,head,true,true,true,0,2026-10-02T14:05:35.236389Z,2026-10-02T14:05:36.463304Z,
0xef8acd6d9262c2631c056f672e2ed9f56cdbef741c8ac8bec34321e4a92c9219,8453,receipts,research,52079858,52079858,2026-10-02T13:51:03Z,2026-10-02T13:51:03Z,complete,head,true,true,true,0,2026-10-02T13:59:48.507354Z,2026-10-02T13:59:49.159706Z,
0xefab93f31744876a3652b383f47afa74c8238ce2d51220a9330e85cc95c63f3c,8453,receipts,research,52078091,52078091,2026-10-02T12:52:09Z,2026-10-02T12:52:09Z,complete,finalized,true,true,true,0,2026-10-02T13:27:00.721586Z,2026-10-02T13:27:01.397973Z,
0xf01dbb36154e3d84af55498db3f9cb24b586f7c059728733788656958ede700d,8453,logs,live,52080189,52080201,2026-10-02T14:02:05Z,2026-10-02T14:02:29Z,complete,head,true,true,true,0,2026-10-02T14:02:31.032923Z,2026-10-02T14:02:33.080636Z,
0xf0283f11aed640ac3adfe89730afcfe5fc0724ecd6b758f4e7f3e2091c358a37,42161,probes,catchup,511004888,511004888,2026-10-02T14:00:00Z,2026-10-02T14:00:00Z,complete,head,true,true,true,0,2026-10-02T14:00:00.682475Z,2026-10-02T14:00:04.233842Z,
0xf04756bffc36dfda5032386d1b6911b6a0e8efcdfa9c57e20d614f3a4c90454d,42161,receipts,research,511003211,511003211,2026-10-02T13:52:36Z,2026-10-02T13:52:36Z,complete,finalized,true,true,true,0,2026-10-02T14:05:16.791321Z,2026-10-02T14:05:18.174943Z,
0xf22af40491883da3fa9996d3cf134778f18ab2533c36c120773190085f7a71cc,42161,receipts,research,,,,,error,head,true,true,true,0,2026-10-02T14:02:02.406021Z,2026-10-02T14:02:03.90332Z,deadline_exceeded
0xf3a328d99728bc656bb7738bcf93fd57de147ccfa5f9c1d3a4888a627f1c5582,8453,logs,live,52079985,52080087,2026-10-02T13:55:17Z,2026-10-02T13:58:41Z,complete,head,true,true,true,0,2026-10-02T13:58:42.964573Z,2026-10-02T13:58:45.674856Z,
0xf40c8c91df6e0921018e1221a0b807440e935f05bf5befb0e4934a9c4fd60bf2,8453,receipts,research,52078970,52078970,2026-10-02T13:21:27Z,2026-10-02T13:21:27Z,complete,finalized,true,true,true,0,2026-10-02T14:04:23.639212Z,2026-10-02T14:04:24.308343Z,
0xf4868ed7a8fab07ab3c1dd7bfee422d63be7a1dafe513c1455e48a705ab3c1e5,8453,receipts,research,52080069,52080069,2026-10-02T13:58:05Z,2026-10-02T13:58:05Z,complete,head,true,true,true,0,2026-10-02T14:09:29.335386Z,2026-10-02T14:09:29.978321Z,
0xf5cd2f5e279f77fbcb79d559e4801a84deee6a89c826503c5e04b39197866118,8453,receipts,research,52079517,52079517,2026-10-02T13:39:41Z,2026-10-02T13:39:41Z,complete,finalized,true,true,true,0,2026-10-02T14:08:40.472253Z,2026-10-02T14:08:41.136328Z,
0xf6d2512d271d37111980e9f4156638cccbf23d1f15d48f6c54978c3bc039ba38,8453,receipts,research,52079515,52079515,2026-10-02T13:39:37Z,2026-10-02T13:39:37Z,complete,finalized,true,true,true,0,2026-10-02T13:59:25.567558Z,2026-10-02T13:59:26.232067Z,
0xf870ef547eb57cda2aa0aa3bcf3913904a89c87a29df317e323361f8e24b8292,8453,receipts,research,52079135,52079135,2026-10-02T13:26:57Z,2026-10-02T13:26:57Z,complete,finalized,true,true,true,0,2026-10-02T13:58:12.84589Z,2026-10-02T13:58:13.559207Z,
0xf90f2c77be08a63a35c62c62d02c17627fae1027cd7a0f8886e3523fd38349ba,8453,receipts,research,52078798,52078798,2026-10-02T13:15:43Z,2026-10-02T13:15:43Z,complete,finalized,true,true,true,0,2026-10-02T13:57:54.206834Z,2026-10-02T13:57:54.880335Z,
0xf93d422c7b2cced68323030c231636d51eecd16f221c3d7193bf502f82bb0870,8453,probes,catchup,52080333,52080333,2026-10-02T14:06:53Z,2026-10-02T14:06:53Z,partial,head,true,true,true,0,2026-10-02T14:06:53.138028Z,2026-10-02T14:06:54.391696Z,rpc_error
0xf952a075fbf52fbae2c06f1da88579b2a95cb9e393184ae4d77c7b23b1c903cf,8453,receipts,research,52079144,52079144,2026-10-02T13:27:15Z,2026-10-02T13:27:15Z,complete,finalized,true,true,true,0,2026-10-02T14:07:19.482805Z,2026-10-02T14:07:20.146445Z,
0xf9c288c6b4f9677cfb9a29309e7e6e0515ee78f51044b59dcde3a9b853d5b053,8453,receipts,research,52079765,52079765,2026-10-02T13:47:57Z,2026-10-02T13:47:57Z,complete,finalized,true,true,true,0,2026-10-02T13:59:02.250848Z,2026-10-02T13:59:03.212247Z,
0xfa636b6224d690c04796d53ba999822487b54d121acdde23d1bdea6af4f76ecf,8453,receipts,research,52078783,52078783,2026-10-02T13:15:13Z,2026-10-02T13:15:13Z,complete,finalized,true,true,true,0,2026-10-02T14:06:24.050287Z,2026-10-02T14:06:24.703215Z,
0xfad0fe2268b4669591a5e17459bbb617d804fc1844cd6bbc62f72c0be1aa74d9,8453,receipts,research,52079136,52079136,2026-10-02T13:26:59Z,2026-10-02T13:26:59Z,complete,finalized,true,true,true,0,2026-10-02T14:00:29.917328Z,2026-10-02T14:00:30.571663Z,
0xfb3d700000e26a23e9acc5e26f81eaa38ddaa0ef01410c47a3af82a2899522e0,42161,probes,catchup,511005324,511005324,2026-10-02T14:01:52Z,2026-10-02T14:01:52Z,complete,head,true,true,true,0,2026-10-02T14:01:53.466968Z,2026-10-02T14:01:56.575823Z,
0xfc5002c1579fe7b9afa8db317b9c5c88d9f8e374fe94dc3d6d00062d2a7eef6e,42161,probes,catchup,,,,,partial,head,true,true,true,0,2026-10-02T14:02:23.440986Z,2026-10-02T14:02:23.443529Z,cancelled_terminal
0xfcda25f7657719b0db41986ed45d821df2eb709d25f861790ebe17970282997f,8453,receipts,research,52078739,52078739,2026-10-02T13:13:45Z,2026-10-02T13:13:45Z,complete,finalized,true,true,true,0,2026-10-02T14:05:54.645282Z,2026-10-02T14:05:55.316975Z,
0xfe24ed00fee08edd0f3ea88c670b69da7b8a1279edac23a7dbb163bf7ce024cf,8453,receipts,research,52079831,52079831,2026-10-02T13:50:09Z,2026-10-02T13:50:09Z,complete,head,true,true,true,0,2026-10-02T14:10:00.411325Z,2026-10-02T14:10:01.120752Z,
0xfe5796855345fc603802aad26ebbf2f7bb8300a93393198489664d744b504f7d,42161,receipts,research,511001509,511001509,2026-10-02T13:45:11Z,2026-10-02T13:45:11Z,complete,finalized,true,true,true,0,2026-10-02T14:04:19.311252Z,2026-10-02T14:04:20.896445Z,
0xff17f5590d0d03e92df8e8836351eddc13431c25839f858cd8f19f69b19de88c,8453,logs,live,52080208,52080214,2026-10-02T14:02:43Z,2026-10-02T14:02:55Z,complete,head,true,true,true,0,2026-10-02T14:02:56.592063Z,2026-10-02T14:02:58.628622Z,
0xff7dce188d6fc015e9db7be5f2293073bb51e39aa56f5e6acac0d9954d471532,42161,receipts,research,,,,,error,head,true,true,true,0,2026-10-02T14:12:16.286591Z,2026-10-02T14:12:18.952017Z,rpc_response_read_timeout
,42161,gap,,510991816,510995911,,,missing,unknown,,,false,,,,gap_between_complete_known_abi_ranges
,42161,gap,,510996424,510996935,,,missing,unknown,,,false,,,,gap_between_complete_known_abi_ranges
,42161,gap,,510997448,510999495,,,missing,unknown,,,false,,,,gap_between_complete_known_abi_ranges
