origin_chain_id,destination_chain_id,deposit_id,relay_hash,origin_block_hash,deposit_time_utc,route_eligibility,input_usdc,original_output_usdc,original_terms_fee_space_usdc,fill_state,fill_time_utc,fill_type,actual_output_usdc,observed_fast_fill_fee_space_usdc,fill_chain_id,fill_block_hash,fill_tx_hash,repayment_chain_id,repayment_address,sender,fill_transaction_fee_wei_shared,fill_transaction_fee_complete,fill_transaction_fee_scope,first_live_available_at_utc,first_live_delay_ms,first_probe_state,ever_live_open,delay_2s_state,delay_5s_state,delay_10s_state,update_count,attribution,net_profit_usdt
42161,8453,60931279503809885359526022716861894414825765428895042549909425198513696047188,0x48c5c04f96d7e350d5fb7071a686bdfc6652c1d4ff26413eebcfbc198bcf313e,0x03c3f1599d5157d381f3850456fa973cf4e6c58b52be0f705fa5e522473d162a,2026-10-02T14:05:12Z,excluded_message,16053.710399,16052.484052,,filled,2026-10-02T14:05:15Z,0,16052.484052,,8453,0x2a20b1570f93bae97ff38b22baec22e9e5309bcb2939dd2fe0edfa5f23837e24,0x75a16e1a749f7a0703584b448ac1795d01919dca6120ed35a72df67e691c015d,42161,0x00000000000000000000000007ae8551be970cb1cca11dd7a11f47ae82e70e67,0x07ae8551be970cb1cca11dd7a11f47ae82e70e67,,false,whole_transaction_shared_do_not_sum_orders,,,unknown,false,unknown,unknown,unknown,0,attribution_unknown,
42161,1,4709218,0x4b3fed6ec53176d14edd2d9a97dc620bd0be16b332582ee8a86182c964ea1b7e,0x053ff9eec6e2740a7cf61482cf08675bb7cc2ab1259ee27128809150e501086d,2026-10-02T13:38:34Z,excluded_route,361583483240.343666,361430581979.324736,,right_censored,,,,,,,,,,,,,,,,unknown,false,unknown,unknown,unknown,0,attribution_unknown,
42161,9745,23379978967575527326891603530176469435783244254078725071808386353990758827352,0x3e79e0adbabe3441b2b6cd1e2772fe5c782cd11a08be4eb43443fde02943770e,0x058beb6de70627dd8df5b114cb82b7977d94018e967eb8b7037bce15e065737a,2026-10-02T13:46:54Z,excluded_route,3.960000,3.960000,,fill_unknown,,,,,,,,,,,,,,,,unknown,false,unknown,unknown,unknown,0,attribution_unknown,
42161,1,4709244,0x86e6d0b1e305a1bc594157440f266721255b7c531f85eb918163b99d3a3af854,0x07034569f0a9817e107f9f2e5ba2ccfda0344723477021a99fb67c7858c42772,2026-10-02T13:51:20Z,excluded_route,985871655493.102761,985565124453.182998,,right_censored,,,,,,,,,,,,,,,,unknown,false,unknown,unknown,unknown,0,attribution_unknown,
42161,1,4709216,0xde0d4c4e8800ed1e3ea6b3dff09c7de2fe0345511edbd63dddf023117f2ae529,0x0ba094c3409c6caf35386180f7736b62c6e0078a0c9ebfe413cfb6b0aef3763c,2026-10-02T13:38:15Z,excluded_route,104.000000,103.452525,,right_censored,,,,,,,,,,,,,,,,unknown,false,unknown,unknown,unknown,0,attribution_unknown,
42161,8453,4709233,0x26879e5183536647fa5f891ac69a575156d1981ed2cbd93f2ba3e69af63bec8f,0x0d923f23105e3f2ff0c5073b48a46db4d37b22a747d16a8d18249374ab146a0c,2026-10-02T13:46:22Z,eligible_original_empty_terms,120.922554,120.906651,0.015903,filled,2026-10-02T13:46:25Z,0,120.906651,0.015903,8453,0x0a80f5b29f9d0eebe214f2d80f0589509834591fd15874b094a61d8d430cd3d3,0x8e37219cd69d4752e588ea3821f4907f038e6c72f6c14dcbb14bc5dc22815843,42161,0x000000000000000000000000fd03abcadaf3f930fa4e37eb2f6ea3a44a41b7f0,0xcad97616f91872c02ba3553db315db4015cbe850,,false,whole_transaction_shared_do_not_sum_orders,,,unknown,false,unknown,unknown,unknown,0,attribution_unknown,
42161,9745,99797541989873418756460186271922325141680801558752772109701231460684633817963,0xf3e1443913442c7a28a73d4710dfbb73016fb2886cb81b47789bafc74655ad16,0x0de547ee317d9e24ec8ce002ae6770dbc3b906be92173bdac0bd9eadaf19ca12,2026-10-02T13:50:54Z,excluded_route,30.000000,30.000000,,fill_unknown,,,,,,,,,,,,,,,,unknown,false,unknown,unknown,unknown,0,attribution_unknown,
42161,1,4709249,0x1a93118c541fd9f11f21f5c4d543f8f4a633e2a33ac902fe34365a779d326ce2,0x0e654efcaac1724d58c3df80830a9630e11b9cc9187b395f9e612a1fbb7a88a6,2026-10-02T13:54:18Z,excluded_route,150000.000000,149984.814315,,right_censored,,,,,,,,,,,,,,,,unknown,false,unknown,unknown,unknown,0,attribution_unknown,
42161,4663,4709187,0x66f40506cf250e21838c13ebdb7f8b8f04a60f3499e9cff8f65b5ccae60fd436,0x0ef8592f86afcdbb25c97d6abc4b011ebae8eb016c79bb1b47be69f6875601c5,2026-10-02T13:21:38Z,excluded_route,20.490331,20.465540,,right_censored,,,,,,,,,,,,,,,,unknown,false,unknown,unknown,unknown,0,attribution_unknown,
42161,1,4709246,0xc9751279b48e9d73bcd80d34bddf43477b2fb3720ba61c2eeec2980c178909b9,0x12678ce13f8898e6796aaf52814acbd1136441ee531b8a63c5d21dfde1a12f11,2026-10-02T13:52:42Z,excluded_route,29049489463.523230,28960039674.373854,,right_censored,,,,,,,,,,,,,,,,unknown,false,unknown,unknown,unknown,0,attribution_unknown,
42161,4663,4709217,0xe25fd10785ddbecddb38624dba2732d1091c27d86c5a28c81fbc4a7e7eb37405,0x164975526c3473386ffef8958c97919cb8983d3b3c271f445b8e000aefb27b4d,2026-10-02T13:38:26Z,excluded_route,44995957594.928000,44977408802.505171,,right_censored,,,,,,,,,,,,,,,,unknown,false,unknown,unknown,unknown,0,attribution_unknown,
42161,1,4709264,0x303ac816ddbd8376870b36c7e2da637df59144a060555ee5c1ca8d6abf362123,0x165ee37a66f568164580fc0d3656a7f96374ba1e6d8cb7d1d9cb4d65c3555b41,2026-10-02T14:04:21Z,excluded_route,89999.800000,89990.560328,,right_censored,,,,,,,,,,,,,,,,unknown,false,unknown,unknown,unknown,0,attribution_unknown,
42161,10,18214647449697774812420797025727371801707583187087242224016745891478743741395,0x7f48e5f7f7006babb76d8a66627120773002f2db381e0bbada423c1b8eb2aa62,0x17491e3a4a2e61fef0e09dbb1a274afaed76dbe9612c092d83d7f8df508b65e3,2026-10-02T13:20:43Z,excluded_route,0.100000,0.100000,,right_censored,,,,,,,,,,,,,,,,unknown,false,unknown,unknown,unknown,0,attribution_unknown,
42161,8453,40040145332684245868807326189527576808238704281884819672058219797173260207654,0x7c45c5135039e9e93b0691ece8a17df774302145f4932e39af7a90cfef126398,0x177021a845df0a78394dc68c183d28ca28fb08468d13e504b75928375d27b6dd,2026-10-02T14:05:56Z,eligible_original_empty_terms,50.400000,50.400000,0.000000,filled,2026-10-02T14:05:59Z,0,50.400000,0.000000,8453,0x0ee43e7fb218fa4a5a0078670ee3c79fc3f58c83bab9a0d3ff6cd71c5d5d8fcf,0x3c1ac0e6bf95dc6755c00bdfcbababdc7f02de6763e7a2d3fee9501e310607db,42161,0x00000000000000000000000007ae8551be970cb1cca11dd7a11f47ae82e70e67,,,,whole_transaction_shared_do_not_sum_orders,,,unknown,false,unknown,unknown,unknown,0,attribution_unknown,
42161,56,4709215,0x43c6544acfbeaf256b6d5c857bc03488ce445b57d0faa481a45a10de38d2d17b,0x17c57db23bd63a342f397003f2eca9e74844e65260b500cf3e65083ff04273e4,2026-10-02T13:38:13Z,excluded_route,826.829357,826739998000000.000000,,right_censored,,,,,,,,,,,,,,,,unknown,false,unknown,unknown,unknown,0,attribution_unknown,
42161,4663,4709273,0x5f535199ca0915ae8d4ab50e6174aef082069143063f09f0e82c24d1d6f56f32,0x1a591141849c68f11f97bbb4a3227d67022f88d736b453e27430da3d147f6942,2026-10-02T14:09:40Z,excluded_route,80.000289,79.936562,,right_censored,,,,,,,,,,,,,,,,unknown,false,unknown,unknown,unknown,0,attribution_unknown,
42161,8453,92723838421664326945104474063729887827755381553960977173472498208388015074762,0x4f2022002d63255de013094f8a9abf89bcf72236841236746f679bef3ba68626,0x1c20aa32dbd24653b3e68d29bca98902025f2b9275af42e7584f6ebbe223dfec,2026-10-02T14:05:05Z,eligible_original_empty_terms,10.000000,10.000000,0.000000,filled,2026-10-02T14:05:07Z,0,10.000000,0.000000,8453,0x4b834e0dcb83c5c498cabb06ae7a8373c52310480f9779267154c6183109ed99,0xf0113a023d9276f025d27b26e5509e673bca6cde818ac49ca64a4533410b2ff0,42161,0x000000000000000000000000394311a6aaa0d8e3411d8b62de4578d41322d1bd,,,,whole_transaction_shared_do_not_sum_orders,,,unknown,false,unknown,unknown,unknown,0,attribution_unknown,
42161,480,80053443652070561398161920429351805690053302400305186101982206247081484680546,0x296f3b9e17eebe6e298541485658024dc0139cb70518502f2fc15753c476fa6c,0x201caa7db7c5df4a18b163743e53412fb507b778cf3ce84afd7c073c4896f3ac,2026-10-02T14:08:05Z,excluded_route,600000000000.000000,599963852397.000000,,right_censored,,,,,,,,,,,,,,,,unknown,false,unknown,unknown,unknown,0,attribution_unknown,
42161,5042,4709228,0x703b6e1aa356a29f59b9f9b39b4b56f220a488c38355912f20f954136248b7d6,0x235b2228da8ec31c3b950339b47e467f39f19c051ebe28792d51242f0be94f57,2026-10-02T13:43:28Z,excluded_route,0.360000,0.356954,,right_censored,,,,,,,,,,,,,,,,unknown,false,unknown,unknown,unknown,0,attribution_unknown,
42161,59144,4709232,0xe5aa22c65a16d712a3122764f7e3615e27e6ab77cd06fbfd2d19cf6cf681b2d0,0x23f0cb6c7a03799380bb22067d1ecd132c3387841c5d2ce754c14e70e95ae163,2026-10-02T13:46:18Z,excluded_route,3400107303.071888,3388963143.582863,,right_censored,,,,,,,,,,,,,,,,unknown,false,unknown,unknown,unknown,0,attribution_unknown,
42161,10,75857314480839502164492622257750816715310735892104679588341277081912551524175,0xc5d36146e6f50f2c4b97644b2a4c01d3a23a11829e1418736df63d46aecc1b23,0x24122fce070d11cf043058ed70de83375b889b6b5d6f8e8bd1de784b6db1ce13,2026-10-02T13:00:43Z,excluded_route,0.100000,0.100000,,right_censored,,,,,,,,,,,,,,,,unknown,false,unknown,unknown,unknown,0,attribution_unknown,
42161,10,37499983567603163627746950746278680262102969330660485509598172216983892394803,0xabad908d4de68ac3aa197553e54d10b4bfe30e66f59c1d2f7d07e9ac77765262,0x25ea6278ae794df173c247acbf8791e6644cea978a95e57d769cbfac6af43ed6,2026-10-02T13:45:44Z,excluded_route,0.100000,0.100000,,right_censored,,,,,,,,,,,,,,,,unknown,false,unknown,unknown,unknown,0,attribution_unknown,
42161,4663,4709212,0xaa3aa7798b132dd6a676350ba47d1773425d733bb31561ea3a5bef8d82536766,0x26341da5f2e4fb1552beba8406263701a06436784b154b78ed02f129394a8f78,2026-10-02T13:37:07Z,excluded_route,17360637789.600000,17348852058.898974,,right_censored,,,,,,,,,,,,,,,,unknown,false,unknown,unknown,unknown,0,attribution_unknown,
42161,56,4709252,0x7b9f2c2e3206edae08817ce9aece038eb73be713b1d6a295544082f316d1c93b,0x276dae35e3603972703ea7fba594ec604cd9042e19348b0dc5c706ab5b15bbf9,2026-10-02T13:55:02Z,excluded_route,56.192732,56183267384345.213881,,right_censored,,,,,,,,,,,,,,,,unknown,false,unknown,unknown,unknown,0,attribution_unknown,
42161,56,4709274,0x73ce3d25cb0f2655baddc668529f98a2cd471c7b427fbd9571606023d9e83ecf,0x289c19ef058c76c9848a7f1379162e761cd09927e2beac6eb3d45cdf25d95946,2026-10-02T14:09:52Z,excluded_route,112.917098,112898473000000.000000,,right_censored,,,,,,,,,,,,,,,,unknown,false,unknown,unknown,unknown,0,attribution_unknown,
42161,10,4709270,0x0485112d1a219af3f0e291e94494ef034a2ed83848ac9d357412dac88d1e0389,0x293e1aaa0824576d5a10bef29bdcd074bc842bed8e254b0240fcbc5b4aee96f9,2026-10-02T14:07:09Z,excluded_route,99125000.000000,98916562.395382,,right_censored,,,,,,,,,,,,,,,,unknown,false,unknown,unknown,unknown,0,attribution_unknown,
42161,8453,4709239,0x8fd8b97d70ecfcbbff8160ae10c15d54c21b81bdb7fdaf851da037d479671de2,0x2b224a192fc5921f967f79019bf5ff733f7e14324d86b0415e4616bae618cc78,2026-10-02T13:49:07Z,excluded_token_or_spoke,725704807.554348,723640632.255364,,filled,2026-10-02T13:49:09Z,0,723640632.255364,,8453,0xf1d7450d822f10653988f84f17a9b03a07b0ed56fcc37ea1310c731104cfbfce,0x5c9d260e2edbd626f4ad83840903425a3dd9f2debe3566e03a4eacb8ea77ca9f,42161,0x000000000000000000000000fd03abcadaf3f930fa4e37eb2f6ea3a44a41b7f0,,,,whole_transaction_shared_do_not_sum_orders,,,unknown,false,unknown,unknown,unknown,0,attribution_unknown,
42161,56,52803233807231986615286292918681783017906813456378919649020456022405088635846,0x96f2789d69398a54c50767a851917ee00ddd8f458d1f5ee633d08b550eb5f2d9,0x2c9c475d7e1841831604b57d746596103dfb4a7036391fc51e4ab7620557beee,2026-10-02T14:11:23Z,excluded_route,3.800000,3800000000000.000000,,right_censored,,,,,,,,,,,,,,,,unknown,false,unknown,unknown,unknown,0,attribution_unknown,
42161,10,4709261,0x818c9229a9cf8fcac4dda6536343cb9bdd144ecbcaa1f52d554c2cf63afa2dde,0x2f4d4eeb0db0ad2bd39c138cd7c366a8cf5767663a8d4defed2e50419cf46e4b,2026-10-02T14:02:56Z,excluded_route,5000000000.000000,4998006065.431361,,right_censored,,,,,,,,,,,,,,,,unknown,false,unknown,unknown,unknown,0,attribution_unknown,
42161,1,4709238,0x5fd694896e33fcd57d5aa956b14cfe61dfbaeabe02c2fdb24432075ebcc9119f,0x2fc373d27add7217093a9c3db43f34f0fa22170cd4713741f5611c4484d6a1d3,2026-10-02T13:49:01Z,excluded_route,382830458.916230,310075783.916131,,right_censored,,,,,,,,,,,,,,,,unknown,false,unknown,unknown,unknown,0,attribution_unknown,
42161,8453,4709230,0xba7014d93439e9debc9f927edf7bba898ef8316379ca0ce9cc1de6fe1e37fea0,0x3357244696615f86aa04010a9c5159ea34ea12120facea397b13c933879fa2dd,2026-10-02T13:45:08Z,eligible_original_empty_terms,5560.000000,5559.440193,0.559807,filled,2026-10-02T13:45:11Z,0,5559.440193,0.559807,8453,0x98d377b38734f9bfac113db3bbe44ce969f03b4bcfc0040664af45df43d5931e,0x31b35fc736a5488e5c88e145a4191a44d4e7a72050ea228b5bdbab5455d9aaed,42161,0x000000000000000000000000394311a6aaa0d8e3411d8b62de4578d41322d1bd,0x394311a6aaa0d8e3411d8b62de4578d41322d1bd,,false,whole_transaction_shared_do_not_sum_orders,,,unknown,false,unknown,unknown,unknown,0,attribution_unknown,
42161,1,4709253,0xb7dda9790c1fade09de9281977f81fbc060b16d2b16a434c2669fbc822d7fe10,0x346d1155b903c927bd636995e6a81e191f4467034a1ebc532ddad456746cbb02,2026-10-02T13:55:32Z,excluded_route,2999.820711,2999.324683,,right_censored,,,,,,,,,,,,,,,,unknown,false,unknown,unknown,unknown,0,attribution_unknown,
42161,8453,4709237,0xcc4b4bd06f49c6d328686835686dc6c79baa8e8d97b8d1458e758270e01cf2b7,0x34a90c9b03aaf67f019088a02a562cc0f9987564b2578f5e03efbe4b859406bc,2026-10-02T13:47:56Z,eligible_original_empty_terms,2788.256300,2787.973665,0.282635,filled,2026-10-02T13:47:57Z,0,2787.973665,0.282635,8453,0x3d1fe54014a2cf40d0517b8e89f894173abda6a288739fdbd1a1cc9799e9112d,0xf70dee7e8280943c92d7451daaee76f3c138e019af68a5e7ffd86374268b3f69,42161,0x000000000000000000000000394311a6aaa0d8e3411d8b62de4578d41322d1bd,0x394311a6aaa0d8e3411d8b62de4578d41322d1bd,,false,whole_transaction_shared_do_not_sum_orders,,,unknown,false,unknown,unknown,unknown,0,attribution_unknown,
42161,137,4709256,0xbd9264966dd5ab6947cc33784dc19d9adcb58be179872c92194e0ab050bc4a98,0x38c5aefc96da74d9cb245dcd106a257b2ee3d4bb622e96c391c57c59ac4c2a09,2026-10-02T13:58:18Z,excluded_route,14.974566,14.963577,,right_censored,,,,,,,,,,,,,,,,unknown,false,unknown,unknown,unknown,0,attribution_unknown,
42161,8453,4709234,0xf216ef928e469379d707ffdcfe2bd2937bc6a905ba3effc78274bea0a5f722f6,0x3b86fc0ec7c16f5aab296352a072cdea1ce962b12cfda533b58cb25ff3d20f10,2026-10-02T13:47:21Z,excluded_token_or_spoke,1498.400400,1498.089450,,filled,2026-10-02T13:47:29Z,0,1498.089450,,8453,0xe89d37730896bc0b2e78f5f664c1fac73887c50965a8d93f2a804dd4fb546dc5,0x949ff4304a326e3f25a458cc06a430a08e98420a6465e0018c05039e137f254d,42161,0x00000000000000000000000007ae8551be970cb1cca11dd7a11f47ae82e70e67,0x07ae8551be970cb1cca11dd7a11f47ae82e70e67,,false,whole_transaction_shared_do_not_sum_orders,,,unknown,false,unknown,unknown,unknown,0,attribution_unknown,
42161,4663,4709243,0x22dc547ad87ea96512f555c377edf524a18148e1ae9ef180e89b51ca9fd17f66,0x3e149e319bc94609c4c9e0a868962f0f5ce1c2f59b5fc6448c7ff9dee82096c1,2026-10-02T13:50:31Z,excluded_route,520.996700,520.671472,,right_censored,,,,,,,,,,,,,,,,unknown,false,unknown,unknown,unknown,0,attribution_unknown,
42161,56,4709276,0x68a45ebfea78f4a913355e062dba373c7eaa94fb4fde7ee538a07d1870c90ab7,0x40bda9722a19df80e5fa1dc802cecccdeb0bd280fda963f4245b4f67ba2d7ca2,2026-10-02T14:11:04Z,excluded_route,4996.887048,4996379367520308.822057,,right_censored,,,,,,,,,,,,,,,,unknown,false,unknown,unknown,unknown,0,attribution_unknown,
42161,8453,4709157,0x7a41fe0ac55d99ede98dc81540e10f9b3bbe442655c0475aca6b119c0ef8cc4d,0x44e1d032ceb4e0b86cc3a1dbd756cd6264c9fe2703574bc707743bc4bf6c044c,2026-10-02T13:00:26Z,eligible_original_empty_terms,15.100000,15.094676,0.005324,filled,2026-10-02T13:00:29Z,0,15.094676,0.005324,8453,0x5e5eb27223ef5602055782b8b9cdb60b79f2996ba503342d69eca1f74b208f29,0xac6795a88bc278438992ebd9f81d180b13c4bfa56ccb746a84dc6ada2de71a2b,42161,0x000000000000000000000000fd03abcadaf3f930fa4e37eb2f6ea3a44a41b7f0,0xcad97616f91872c02ba3553db315db4015cbe850,,false,whole_transaction_shared_do_not_sum_orders,,,unknown,false,unknown,unknown,unknown,0,attribution_unknown,
42161,8453,4709272,0xfcae50643e33bb6292b111d670beba90c5941e454fb2bb4b14e3f637ad1f6100,0x4567b00bd2bbc79cdbeb43eaf6b69296eeb5a3c670996633a3cc5924c6aebba4,2026-10-02T14:09:37Z,excluded_token_or_spoke,170000000.000000,168072724.918912,,filled,2026-10-02T14:09:39Z,0,168072724.918912,,8453,0x0117f9ad4396867636fdb1aae06cd00612fec5111e64f990b9cc42626ed30800,0x0a0ae9f4b586a2a1a053b976b2d0ac094a8f351204c93a3739d3b3d895b93c05,42161,0x000000000000000000000000394311a6aaa0d8e3411d8b62de4578d41322d1bd,,,,whole_transaction_shared_do_not_sum_orders,,,unknown,false,unknown,unknown,unknown,0,attribution_unknown,
42161,4663,4709271,0x42e9dd24a3e6d931bb3692ba91ae70b948b7af14b1982e0798b23cad7b0d1cf2,0x49a2f6a67c77222fa5270fe6ad3fbc3990979f79e1e431f4efe3cf0d3bbc0659,2026-10-02T14:09:29Z,excluded_route,36475873254.257600,36458309331.738597,,right_censored,,,,,,,,,,,,,,,,unknown,false,unknown,unknown,unknown,0,attribution_unknown,
42161,10,4709277,0x883b54a57badb57febd5ff588711800f3cdac32ad7e97ba2ce151e0e052518e0,0x4ba1fa28197440ca1dd54c8b02875d1630f720d0b708765c28f2d845c1572287,2026-10-02T14:11:33Z,excluded_route,13600000000.000000,13596387549.437737,,right_censored,,,,,,,,,,,,,,,,unknown,false,unknown,unknown,unknown,0,attribution_unknown,
42161,1,4709225,0x92fc2a26e0dbff656631528b49a7a3bdbb3b90cbcafab28e3590a8d4b018ea97,0x4d25a74ba3360b48b0517a8f8cc6d65bd399a31ffc75c2c104c103883c827e7a,2026-10-02T13:42:42Z,excluded_route,105.000000,104.336064,,right_censored,,,,,,,,,,,,,,,,unknown,false,unknown,unknown,unknown,0,attribution_unknown,
42161,8453,4709224,0x8a9059fafac458552ed668a66cebc6929052a20f232cc7151a6408578350d386,0x555f3093617358428e4d1805de2021ff92bc15c4fc8685de4342616f342fd343,2026-10-02T13:42:32Z,excluded_token_or_spoke,99.090170,99.076949,,filled,2026-10-02T13:42:35Z,0,99.076949,,8453,0x5da2b19dd48094473c0c740149425e59c319116d8b786b738aa67755b2ef9964,0x860adbc740f9e23aa874d2369dde6889d7a186b4901512537b91258ff5d3e758,42161,0x0000000000000000000000001b59718eafa2bffe5318e07c1c3cb2edde354f9c,,,,whole_transaction_shared_do_not_sum_orders,,,unknown,false,unknown,unknown,unknown,0,attribution_unknown,
42161,10,4709265,0xde9c23723c046478a082cbb94a09564ee0d06109c0a79585a65fb1536b13423d,0x57b70b81feb442dde94ba8fa156f3c7a34ffa5c608e850551164cd74b1ebf6c5,2026-10-02T14:05:01Z,excluded_route,29737500.000000,29568651.130049,,right_censored,,,,,,,,,,,,,,,,unknown,false,unknown,unknown,unknown,0,attribution_unknown,
42161,1,4709214,0x303fe3bbdf7a2c45eb29950f6f563e1776a74ff50a642afea702cf549f01213e,0x585218a5255259f11916cb756e253603491797f6a56539ccd839ca1d8d60714d,2026-10-02T13:38:01Z,excluded_route,616.052221,615.869676,,right_censored,,,,,,,,,,,,,,,,unknown,false,unknown,unknown,unknown,0,attribution_unknown,
42161,4663,4709213,0xa29eccb8c5a84d585f81642d7d80e55278f6d1188ef319655937f4cf8ee18030,0x585218a5255259f11916cb756e253603491797f6a56539ccd839ca1d8d60714d,2026-10-02T13:38:01Z,excluded_route,300000000.000000,292801886.456729,,right_censored,,,,,,,,,,,,,,,,unknown,false,unknown,unknown,unknown,0,attribution_unknown,
42161,8453,35359277256245798949223388860038453114288774146988512236397552700981622828685,0x7a652207d1137a47107270fdeb45f35ad857e32db437284a45f72ba4e620464f,0x5c4e6f4d65934141aad0df65413978bc32efe03b68976f696fbbc887b22595fa,2026-10-02T13:40:07Z,eligible_original_empty_terms,10.000000,10.000000,0.000000,filled,2026-10-02T13:40:09Z,0,10.000000,0.000000,8453,0x7b98f6dc5815897cb1af940190121e82bf2f30c258502e832c3feaaa5be9b4bd,0xdda5fe6d58e84ebc083fad55fe68cb8303349a175dc47ce77b8a4265bc4af36c,42161,0x000000000000000000000000fd03abcadaf3f930fa4e37eb2f6ea3a44a41b7f0,0xf2e3dcb8aebf306bf68f5de3b42ca49def7d14f8,,false,whole_transaction_shared_do_not_sum_orders,,,unknown,false,unknown,unknown,unknown,0,attribution_unknown,
42161,4663,7072532882296211706805059457501314306769580044472561206933564259691819086768,0x42ddca9e0473cf2cd2cba6faa435b1711300db6299420bfc37209f1a33dc3259,0x5db0c58442cf5cd0e8b27d96ab704330baa9dce43519f011757b9ff895a98ef7,2026-10-02T13:47:53Z,excluded_route,215855554.309117,212579359.279588,,right_censored,,,,,,,,,,,,,,,,unknown,false,unknown,unknown,unknown,0,attribution_unknown,
42161,8453,87173897107354999576734832783495195210291666975637866932803990609590577402918,0x3cb1ae2dec84ccc1f6e5d48229301e72ea9115b55ca3969ad6f1d671da158eb4,0x5eb45102d861fca0d1869182d0dd5c643a694d2ee142f8b7df02e49a4114ae0e,2026-10-02T13:55:05Z,eligible_original_empty_terms,10.000000,10.000000,0.000000,filled,2026-10-02T13:55:07Z,0,10.000000,0.000000,8453,0xf3d6a8ae7a324be12c518e6bb649eb46579323a9603a9e4c17d6e56947f461b3,0xbf76cc78d2b7929c960a81728c751e60fb50c698f192eb9f0abba8e2efcdcce2,42161,0x000000000000000000000000fd03abcadaf3f930fa4e37eb2f6ea3a44a41b7f0,0xf2e3dcb8aebf306bf68f5de3b42ca49def7d14f8,,false,whole_transaction_shared_do_not_sum_orders,,,unknown,false,unknown,unknown,unknown,0,attribution_unknown,
42161,1,4709258,0x50585cddd719578a6ae29569a9ddddbd4975515f6e9b663ac71a2f0a7285ac32,0x63956174e0847eab54116647cea3ed751c992dc3103c11905b4bc79ed8be8967,2026-10-02T13:59:12Z,excluded_route,429894763244.042565,429704630316.214530,,right_censored,,,,,,,,,,,,,,,,unknown,false,unknown,unknown,unknown,0,attribution_unknown,
42161,10,24020110007407734853846705938179430204251818719548180308412407646834113897283,0xf7468a086388bc13d6950a7d7ee739ededdbfbae4f67e85f0b787f9a37b4d162,0x66249baae2dca7e4c40d7b0e2e870c09e9ada7a1d789ce60f0c3c47b887de317,2026-10-02T14:05:42Z,excluded_route,0.100000,0.100000,,right_censored,,,,,,,,,,,,,,,,unknown,false,unknown,unknown,unknown,0,attribution_unknown,
42161,10,4709266,0x8c4d0d2c0e40e7ec5540be3212b05d127ffd6e79169c592c0da6ac06214f4740,0x666cb2fd0d76e4cb8d2b51d78f733d895be88d361fae7e03b7cdd229091eeefa,2026-10-02T14:05:02Z,excluded_route,80983800000.000000,80963341025.382077,,right_censored,,,,,,,,,,,,,,,,unknown,false,unknown,unknown,unknown,0,attribution_unknown,
42161,9745,101701584369155393346482608952063108768805154476920907579121343123818813343236,0xf5ec369606d0f570d86daa153045fcb6a07d3dda9999266882406a4e16f8841e,0x6793c640aab49be7e87e86c0388a72a5f379d3152dfe0d6adfa4b382d331bf3d,2026-10-02T14:03:18Z,excluded_route,1068.230000,1068.230000,,fill_unknown,,,,,,,,,,,,,,,,unknown,false,unknown,unknown,unknown,0,attribution_unknown,
42161,8453,4709231,0x6da37e45247393506ef2fffbde2525dcec4317d901c711e0156cbaf4c2bc7bb2,0x690a25e97a0956862fa07b120c8eee9aae189c37218267057055e6d89f413234,2026-10-02T13:45:44Z,eligible_original_empty_terms,29.737500,29.730717,0.006783,filled,2026-10-02T13:45:47Z,0,29.730717,0.006783,8453,0x8bd255da3d889e3d1285fe4815213c93c7b7bbb0ac351c0774004e8595a40082,0xc940ec8e24244bf8ed493e10abc5835694adbe795738fbbc2a60ee1e3506ea03,42161,0x000000000000000000000000394311a6aaa0d8e3411d8b62de4578d41322d1bd,0x394311a6aaa0d8e3411d8b62de4578d41322d1bd,,false,whole_transaction_shared_do_not_sum_orders,,,unknown,false,unknown,unknown,unknown,0,attribution_unknown,
42161,56,4709160,0x6e410985abf844db511687ce1486314b516f5ed4dc037c004cb8219866294a81,0x6af62d27b643059269bcc82903b5edc5533dc47794f32d907ec095d2c6cbd921,2026-10-02T13:02:17Z,excluded_route,110.011794,109993426608906.546551,,right_censored,,,,,,,,,,,,,,,,unknown,false,unknown,unknown,unknown,0,attribution_unknown,
42161,8453,6331674564096582523651875587551282099395837741623660592838904700779766078447,0x3d8b3d5d806ab534394c4af3b1cc3445bbe4f9c34450c372261db47820743b7b,0x70d747d20d287a45a0ddfc895f6101c15b3c7fcdd3b8b8f510c1f1682100c99b,2026-10-02T13:00:07Z,eligible_original_empty_terms,10.000000,10.000000,0.000000,filled,2026-10-02T13:00:09Z,0,10.000000,0.000000,8453,0x83ba0a6d10a3584c6ae0af21ff3bee612c00e5d40cc4032248f1b540b0476305,0x5128936d82ea97b44e6205922d60f025c24ba824201a898b4e7507c997a3fc67,42161,0x000000000000000000000000394311a6aaa0d8e3411d8b62de4578d41322d1bd,0x394311a6aaa0d8e3411d8b62de4578d41322d1bd,,false,whole_transaction_shared_do_not_sum_orders,,,unknown,false,unknown,unknown,unknown,0,attribution_unknown,
42161,1,4709227,0xa90a5977b818a163973691b154ad15797ceb4adff29b3b9f4c336002d0d03184,0x77ce90a19919b69cfc7f3e2495d38c4369699d0a20d077d528088382028cb0b0,2026-10-02T13:43:00Z,excluded_route,16943546500.000000,16842299613.934512,,right_censored,,,,,,,,,,,,,,,,unknown,false,unknown,unknown,unknown,0,attribution_unknown,
42161,8453,4709245,0x925d2cab989b7180ff81b144e5e8276bf7ee296540fb28295866ff27b983da5f,0x799a8153cbeb14d12be32a8380f1aa1a1519ea1543c3d4287229c2ff37af96a1,2026-10-02T13:51:47Z,excluded_token_or_spoke,300.000000,299.931701,,filled,2026-10-02T13:51:49Z,0,299.931701,,8453,0xe4770f25909737a0488bddc0cb7ecc72af512d52252bd67200bed38947b3fa62,0x26671a2a7b6194601292b6a5d597a659a09ec6830fe9ec400abc6c0745f297bd,42161,0x00000000000000000000000075a7c0268ca0f40146c0fd38ca2787a0b0d9370c,0x75a7c0268ca0f40146c0fd38ca2787a0b0d9370c,,false,whole_transaction_shared_do_not_sum_orders,,,unknown,false,unknown,unknown,unknown,0,attribution_unknown,
42161,999,4709259,0xda8404558039e1719584d996a04e458cb04a37b99304be31c76a07ebae589b04,0x7d72e144ef79e2141030e96901ad88802e5bdaa93728b124cfb5a8112005d7ef,2026-10-02T13:59:13Z,excluded_route,27.000000,26.995003,,right_censored,,,,,,,,,,,,,,,,unknown,false,unknown,unknown,unknown,0,attribution_unknown,
42161,4663,4709236,0x29d077ecb2dc4212d2e2162b36e46fd941f82fe80deed84f088dfc07418c21e1,0x7dd29e3422aef5a274cbd1fe1dbc39fc121d6c7fd711c3d95a7b0d80605a5d46,2026-10-02T13:47:50Z,excluded_route,6400189185.358981,6391191175.084458,,right_censored,,,,,,,,,,,,,,,,unknown,false,unknown,unknown,unknown,0,attribution_unknown,
42161,999,4709229,0x9ac9f2c1a39df25f9eae2aa8755dc30d2312af13e77468e5e1a60624eaabb106,0x82c38f04e6317f59c12bb4e132bf0b869938dbd399785787bf5e7dacb03aff6f,2026-10-02T13:44:58Z,excluded_route,300.000000,299.924904,,right_censored,,,,,,,,,,,,,,,,unknown,false,unknown,unknown,unknown,0,attribution_unknown,
42161,4663,4709248,0x8e2f421f5b9efdc8200d307a9218aaae9e94a1f61b6bb1bd369d29266578874e,0x86701df3214cfe9a1b716fcd3378cc937261227bcb62254edfbb9901c6e53f8a,2026-10-02T13:54:00Z,excluded_route,399000000000.000000,398897691281.366887,,right_censored,,,,,,,,,,,,,,,,unknown,false,unknown,unknown,unknown,0,attribution_unknown,
42161,137,4709159,0x3d57aad216327bb39802b0a688a78cd2f54231bfd0f3d8c009157dffc3685513,0x8d4afc21ea5d1b02c3f9eb8d58d577d513c72ef118977dda78b7e6fae59dab93,2026-10-02T13:02:00Z,excluded_route,367.974712,367.928745,,right_censored,,,,,,,,,,,,,,,,unknown,false,unknown,unknown,unknown,0,attribution_unknown,
42161,9745,21359207986010444278529142289340099378060095507266941421997562742072033222984,0x539c9157bd62ba85c388236909bd959d1057f0ceec89e8f29cb6472c01c7b58c,0x8d4afc21ea5d1b02c3f9eb8d58d577d513c72ef118977dda78b7e6fae59dab93,2026-10-02T13:02:00Z,excluded_route,111.290000,111.290000,,fill_unknown,,,,,,,,,,,,,,,,unknown,false,unknown,unknown,unknown,0,attribution_unknown,
42161,1,4709262,0xa79e812a826bbb864a766a297642a27efa60922584e7c9a1b28cb1f851f4358a,0x949f74fd44e4813838850f057943b6e4d524cdbf43a11cffb4c8e01bc64f6183,2026-10-02T14:03:55Z,excluded_route,1307.479170,1306.906826,,right_censored,,,,,,,,,,,,,,,,unknown,false,unknown,unknown,unknown,0,attribution_unknown,
42161,9745,25374125638327713514109131048000262571558591570835070572138059825174809634754,0x78c653c720f75b36078a7d7e268bd3019e0cc65c9056ecd737274186a0d7a2fe,0x999cfa3d579b622080f87aeb05cc4339473d5c55c2d6e132fcf359d5dc0e544e,2026-10-02T13:59:55Z,excluded_route,56.220000,56.220000,,fill_unknown,,,,,,,,,,,,,,,,unknown,false,unknown,unknown,unknown,0,attribution_unknown,
42161,1,4709158,0x355c1875dfaa5704f4bbf4269a8d56a7a1cf5327d84d359adb7a9b1d9c287599,0x9bc5007d9841dfa1b2648e864cdde1b2d3a78b1fb7f745bf23deec071c622bb0,2026-10-02T13:01:48Z,excluded_route,4793934259.039456,4664630900.690015,,right_censored,,,,,,,,,,,,,,,,unknown,false,unknown,unknown,unknown,0,attribution_unknown,
42161,8453,398086904215144192228378803742693135968936162016694657363128354427927335647,0x501feebb0fcedc047c314923fb43299ca36ca8831513825799e71679881de63b,0x9e7b87b461e270a8eed00da15c65a927d4b8ecc2eb6a5c07b5e06a5c35657f2d,2026-10-02T14:02:05Z,eligible_original_empty_terms,1.801274,1.801274,0.000000,filled,2026-10-02T14:02:07Z,0,1.801274,0.000000,8453,0xd73591c4a1b46b2cc9b38da25c324320795334ccd22a9359457109f05419dfc3,0x9349d4b7214ace2378d11a246cafe5e9939f5bb603048595220a2fd629b7cfac,42161,0x000000000000000000000000fd03abcadaf3f930fa4e37eb2f6ea3a44a41b7f0,0xf2e3dcb8aebf306bf68f5de3b42ca49def7d14f8,,false,whole_transaction_shared_do_not_sum_orders,,,unknown,false,unknown,unknown,unknown,0,attribution_unknown,
42161,8453,75714055970315380572850009587549138589286683678019744216533112890370676006350,0x43e25e5dcc0646c769d1a6cc65ece51fef131462da9368a4fd06e522325914a4,0xa2160ebbaeb865e82c193adffa29fdfc40930583b3653ebae77dadcb824cbc74,2026-10-02T13:52:16Z,excluded_message,2.000000,1.969059,,filled,2026-10-02T13:52:19Z,0,1.969059,,8453,0x959ce7d5beef8f26216f79c3dba36f0941cb13b6094ebb3b42c7c73dd899c630,0x15e0d607619be8425c04699f7ad3f4241166a65e5e57147baa82b4386378f3e4,42161,0x0000000000000000000000008ee8881b2c50fc31c91e053f1884c9218f4786da,0x8ee8881b2c50fc31c91e053f1884c9218f4786da,,false,whole_transaction_shared_do_not_sum_orders,,,unknown,false,unknown,unknown,unknown,0,attribution_unknown,
42161,8453,96110898854130279582741400493245879941109476435125188531641544277815567503015,0xab74163668cee8e8d5ac6e456346774096b61d4881ac89945ba63fb651fff8b6,0xa253b5f3a60826401f3f653fc15ccf30b5202b8a3750b214a2e8c3cd48cd0de6,2026-10-02T14:00:10Z,eligible_original_empty_terms,10.000000,10.000000,0.000000,filled,2026-10-02T14:00:11Z,0,10.000000,0.000000,8453,0xa8f64b2b9c89793844357c937ae54b9ca30c589081553d7f6ff9a0e29820bbdf,0xd4ca9b0c0614a30ffeb979affc2da3871ec46a07f35f589d1fd3cd36761e1412,42161,0x000000000000000000000000394311a6aaa0d8e3411d8b62de4578d41322d1bd,0x394311a6aaa0d8e3411d8b62de4578d41322d1bd,,false,whole_transaction_shared_do_not_sum_orders,,,unknown,false,unknown,unknown,unknown,0,attribution_unknown,
42161,8453,22622159109702951841804710832557047314685426310437417844861621974296731401363,0x1bc99e67da1d38fa8efe1bd9f4283261fe3ea11fd5a023e51a47e9aab1e0e2ae,0xa34cf62d7b19fde4ea009057656f3c5e57e3fa8bf96506949aeef355486b01f5,2026-10-02T13:45:05Z,eligible_original_empty_terms,10.000000,10.000000,0.000000,filled,2026-10-02T13:45:07Z,0,10.000000,0.000000,8453,0xb63ba2ce2ca6e984fd45a67f9b9bc37397fb32d1db16fa4932a7d0a69bdc4b7f,0xa011691eaf6d76ff04c63a56597e58068c00d9406e25f1bb8c04a054340573cc,42161,0x000000000000000000000000394311a6aaa0d8e3411d8b62de4578d41322d1bd,0x394311a6aaa0d8e3411d8b62de4578d41322d1bd,,false,whole_transaction_shared_do_not_sum_orders,,,unknown,false,unknown,unknown,unknown,0,attribution_unknown,
42161,9745,19526803611646546282938866027357316829156763371769527120405396516996328516021,0xb98434f669c7300e89204fe2d1a998987ba3253fb3a75e8507e4f2a4af2c6997,0xa3a71872e0f661284b9fc9b936818d8786e0a55a8631e50d73bf8639ee8d8f31,2026-10-02T13:48:34Z,excluded_route,31.460000,31.460000,,fill_unknown,,,,,,,,,,,,,,,,unknown,false,unknown,unknown,unknown,0,attribution_unknown,
42161,9745,63753792805205617779721167313200673264694760055693532168280660689437443416654,0x558b8f81b564fdbc820591ec324f889a40a0f1f427085e868c1f269f138ee19b,0xa3e8bb9b2a32d6706d10744728529f31ec4182fae85d00577ecafe372b8581ad,2026-10-02T14:09:19Z,excluded_route,52.890000,52.890000,,fill_unknown,,,,,,,,,,,,,,,,unknown,false,unknown,unknown,unknown,0,attribution_unknown,
42161,10,4709242,0xfb47ac347eca1304cbe09dc98979b986ac48f1e6f78fae42580c43008b982b93,0xa4b877246615b875d9e89e2c4b22b7b5d128aa29dc21216e6f1ed80e66d1a6d7,2026-10-02T13:50:28Z,excluded_route,129.245964,129.231705,,right_censored,,,,,,,,,,,,,,,,unknown,false,unknown,unknown,unknown,0,attribution_unknown,
42161,56,4709226,0x528edeb60d4170ab25220b34a892106ef395a9a0b932986c76369bd9b7071872,0xa56955c3ccc10179560559c654b9c8c23b332b5ac46d7e21bd683248490c814f,2026-10-02T13:42:58Z,excluded_route,99.605909,99587860514984.958551,,right_censored,,,,,,,,,,,,,,,,unknown,false,unknown,unknown,unknown,0,attribution_unknown,
42161,57073,107522949586631077013166136331651541846306323916509665274489109061073731981028,0xdd5cf253b534e2195a068f2b96d3e5b7e0cdf385918114c68c1cc7cadd7ec1fe,0xa5f3770ccb9088c48a92ce5d732b68fb947deed5f3c349804340db23c6c047f2,2026-10-02T13:44:11Z,excluded_route,101.000000,101.000000,,right_censored,,,,,,,,,,,,,,,,unknown,false,unknown,unknown,unknown,0,attribution_unknown,
42161,10,4709235,0x949b5673508d125e3c24a182f703615f02bd4641c93d9edbf30f23b1f4d26bec,0xa9b5a78e5848de883d40a1bbe64c0d3c82fc3afb66ba96a58e133659b34a4ea3,2026-10-02T13:47:32Z,excluded_route,36346760630.730185,36337427408.259743,,right_censored,,,,,,,,,,,,,,,,unknown,false,unknown,unknown,unknown,0,attribution_unknown,
42161,56,29619484027398074641232835373132981311137973391641949138600890840685882971998,0x4d26b1a30ab2813162417ba5ae2761ea24af1c7ca68c2e8b30e45238914a5315,0xaeb01ce86f3ffe40e33f4dcc9a4b0e586399e661f86374afef96894b4803627b,2026-10-02T13:59:06Z,excluded_route,213.181134,213119815886600.000000,,right_censored,,,,,,,,,,,,,,,,unknown,false,unknown,unknown,unknown,0,attribution_unknown,
42161,9745,36829364284751784572673016772855379958710321855993421745471976196647982416318,0x561072552795967c0903c18ec245f875a69d9cfbd3d3468ecc350c29d921d09a,0xb1362340b760b202b500411e5eda9264b7221319eccbd38123990cf4eee98317,2026-10-02T14:03:40Z,excluded_route,300.000000,300.000000,,fill_unknown,,,,,,,,,,,,,,,,unknown,false,unknown,unknown,unknown,0,attribution_unknown,
42161,4663,4709156,0x560ac3ef520f1240a4f3cb43c9cc9910358bf2787d91c44f9e822aac2a119394,0xb17f25ef91a2d8b22bc10825415469855666981cfded9a6c06b7e8e597d37ccf,2026-10-02T13:00:16Z,excluded_route,9499812063.171697,9490267319.118092,,right_censored,,,,,,,,,,,,,,,,unknown,false,unknown,unknown,unknown,0,attribution_unknown,
42161,8453,4709241,0xe980b9f97b0a8c655c5a719505567dfd4476c4ff7ecc4f05cb6e9022607404b4,0xb2275b027e9c8a3c0402d541dba0407ec3fabd8a685a9c9d8dd6d63c0c51fac8,2026-10-02T13:49:31Z,eligible_original_empty_terms,547.930538,547.871939,0.058599,filled,2026-10-02T13:49:33Z,0,547.871939,0.058599,8453,0x2eb6eb97cf8388e0be96280dadf8a3fccc97d1e38f429018a85d9b416fd42342,0x4d477db61b52edefd9aa04351a5975a535b90d8ed7407e80a7a02f74cf4bfe44,42161,0x000000000000000000000000394311a6aaa0d8e3411d8b62de4578d41322d1bd,0x394311a6aaa0d8e3411d8b62de4578d41322d1bd,,false,whole_transaction_shared_do_not_sum_orders,,,unknown,false,unknown,unknown,unknown,0,attribution_unknown,
42161,9745,37679144700220851944051995020611000143703961391548323347173857765206117380911,0x10e9ffbd74d9634de4bd2d2df5a146f628c9b5a73c15338d9e644e9cf8290abf,0xb82a6c71e5266f11a27c38ebb42acecece29e4a7f3b1f03de4c1945957c352b9,2026-10-02T13:37:52Z,excluded_route,20328.440000,20328.440000,,fill_unknown,,,,,,,,,,,,,,,,unknown,false,unknown,unknown,unknown,0,attribution_unknown,
42161,4663,11428573041693874266366839517136485725922096764192062074594134424587160807816,0xd43cda04704329f812b8ba30b16b2359b066da58f5128099f0618d93cb0e3acf,0xba8659a3cdc7a331ce1651769ed81bf7583c427d50cdc331d855ba2a161aa95c,2026-10-02T14:01:11Z,excluded_route,1490000000.000000,1486634884.910666,,right_censored,,,,,,,,,,,,,,,,unknown,false,unknown,unknown,unknown,0,attribution_unknown,
42161,8453,4709188,0x3f0ee0a70cc323b7737d2f019d83908913ba571322b9dc860bca40228fce8d07,0xbc010450d3eea12efa256b2099a13a9fe6299eca70286c5feb6ff412b71e8526,2026-10-02T13:22:08Z,excluded_token_or_spoke,290731879890.553358,290659752748.080278,,filled,2026-10-02T13:22:11Z,0,290659752748.080278,,8453,0x5141a60c792f66ada68a2ea88f50c457e527756a799a5fa560d760aca3ce37a2,0x21509d266fda3931b6dc1dbcf6abc500a8ead61dbfe5c37089e3d2fb8d97afad,42161,0x000000000000000000000000394311a6aaa0d8e3411d8b62de4578d41322d1bd,,,,whole_transaction_shared_do_not_sum_orders,,,unknown,false,unknown,unknown,unknown,0,attribution_unknown,
42161,56,4709267,0xf111e6af033340824ce43c548650b8d1e93afdd44e7bbe4e26c1522d4510e627,0xbd6ac2342c7535e8a38cd7f9fa79e69a20894a76700839f998001a77282e1801,2026-10-02T14:05:20Z,excluded_route,499.250000,499196226000000.000000,,right_censored,,,,,,,,,,,,,,,,unknown,false,unknown,unknown,unknown,0,attribution_unknown,
42161,999,4709219,0x7a25ff0e38eee890c19cfdf17cb5bc5be9be5c980690631a8e67bdbc0a6aab0f,0xbf1470574e810d99e29603e94d20bfe74db7aeb04788e808cec0b1e62370b527,2026-10-02T13:38:36Z,excluded_route,287.462500,287.431893,,right_censored,,,,,,,,,,,,,,,,unknown,false,unknown,unknown,unknown,0,attribution_unknown,
42161,8453,4709247,0x36d19e8dd6c7b5d97351861246cd53b2be06bdacefb8187a842270036ea81a28,0xc05dd7c3d6811e3df87d6a450030e751f26a9b56f08d8a09c58efdc0a21b502b,2026-10-02T13:53:11Z,excluded_token_or_spoke,690578114.850935,687549735.928502,,filled,2026-10-02T13:53:13Z,0,687549735.928502,,8453,0x5c0a5422f97c4017989478ea7c42bf87649d717d110462638559cc40a420eef1,0x764836f0ad770e070aaaecb8f1f08fa9b796fe9ef888666c7655241b81bfb6bd,42161,0x000000000000000000000000fd03abcadaf3f930fa4e37eb2f6ea3a44a41b7f0,,,,whole_transaction_shared_do_not_sum_orders,,,unknown,false,unknown,unknown,unknown,0,attribution_unknown,
42161,10,58919198921817829226032992758156372481427726895058159526048915284995867076123,0xef1d30e481850e0fe6121509b8077fd18708a086147129cdedb8079bc9cb4131,0xc0ae8f5a56efa6e0d0a5505d2d7565f4d86bdc4cdd55762f2bc342452c8d6dc2,2026-10-02T13:40:41Z,excluded_route,0.100000,0.100000,,right_censored,,,,,,,,,,,,,,,,unknown,false,unknown,unknown,unknown,0,attribution_unknown,
42161,8453,23825941401705475621871052706336787189571162265551587366518307139279181506617,0x00a56d8870e3eb300dbb2f2c6fa09d5a94c9bfb8f30911f412825283069e0b75,0xc1406ba26f67cdc07311e322144050bba3ff753894efd44592bf8e5b45f5b428,2026-10-02T13:50:07Z,eligible_original_empty_terms,10.000000,10.000000,0.000000,filled,2026-10-02T13:50:09Z,0,10.000000,0.000000,8453,0x880cd1877394429f502526536b150c2ebe81d544165aca6e5b634571432ead01,0xd274159356c433b3ae91742948874835973fb6932b8353afa196ab4e9271c79a,42161,0x000000000000000000000000fd03abcadaf3f930fa4e37eb2f6ea3a44a41b7f0,0xf2e3dcb8aebf306bf68f5de3b42ca49def7d14f8,,false,whole_transaction_shared_do_not_sum_orders,,,unknown,false,unknown,unknown,unknown,0,attribution_unknown,
42161,56,4709220,0xb771d848f0abf4ca1cd93763a4aecc59da3239fd7a650fce5c87176ae88ecb8f,0xc2a4984dc67677f632eb364d033e5d36e238cf8c5a78deaa00480143dae4a65f,2026-10-02T13:39:13Z,excluded_route,4.488568,4484261000000.000000,,right_censored,,,,,,,,,,,,,,,,unknown,false,unknown,unknown,unknown,0,attribution_unknown,
42161,4663,4709254,0x28afffb2a8dfc8a3ee6897ffbf720ee0a204531f14b7c84de5c9ba10e3969419,0xc2bcb18fabe30563549144132d44e68b7823808d7fbd3681d554248d371cbb39,2026-10-02T13:56:05Z,excluded_route,300000000.000000,292670468.322749,,right_censored,,,,,,,,,,,,,,,,unknown,false,unknown,unknown,unknown,0,attribution_unknown,
42161,137,29379312104186682150761204739171071562366148756157467375481247024653087810258,0x2ac79a452de5dffdf77dc250d4ead2b927bde64c737420db94e3abbdbb7d8359,0xc2f11244722b64e75bc49950c2b57af7b02a600e253ac9656fe14e109eac5675,2026-10-02T13:40:24Z,excluded_route,128.360000,128.332820,,right_censored,,,,,,,,,,,,,,,,unknown,false,unknown,unknown,unknown,0,attribution_unknown,
42161,10,12371170663803327216026182138690181161061186653794767307522510814852683412073,0x8cfbb6285ef9d2c768a2e33b44f20cec0b86f6a0cf8cd5b328a03253a19e7925,0xc528eb9a9e8351a45e38dce64294da34397f0469602b544cbeba3a1cdcafd1f3,2026-10-02T13:55:43Z,excluded_route,0.100000,0.100000,,right_censored,,,,,,,,,,,,,,,,unknown,false,unknown,unknown,unknown,0,attribution_unknown,
42161,1,4709250,0x7eff8204855dcde72ae12f0c3210a7ee9e6bf472ee489fba3a5d974fd34e3483,0xc5ded162a1c9478a2f1a47b2ee438be0a46dd2c1ce9a17fc9883e1a4b53bf82a,2026-10-02T13:54:33Z,excluded_route,64496.440273,64489.805100,,right_censored,,,,,,,,,,,,,,,,unknown,false,unknown,unknown,unknown,0,attribution_unknown,
42161,56,4709251,0x76fefc67ac3bb367539a8f1e664672d729b35392b605fe4cae0f871f78686288,0xc641ec83e52fe443b190ea80b04bc7c29afd6ab862f2d9acef644526ee906aa5,2026-10-02T13:54:56Z,excluded_route,337.946000,337905886000000.000000,,right_censored,,,,,,,,,,,,,,,,unknown,false,unknown,unknown,unknown,0,attribution_unknown,
42161,137,4709193,0x338cddee1771cbb23ce976686d4cc5d22129630ce81169024cfe04317230fad2,0xc982606dc727464dfdd8d5f129fe3ff5e0a69fb931634f48f002292ed724877c,2026-10-02T13:25:21Z,excluded_route,26.200029,26.187132,,right_censored,,,,,,,,,,,,,,,,unknown,false,unknown,unknown,unknown,0,attribution_unknown,
42161,4663,4709186,0x0d8860a4b44704e9339584484f9c4a27d733eb7946fbcff33c16a03703932b84,0xca0918e0506b93072ad5d4007cf335145875ca5e6ed277aa8c7364796c89368e,2026-10-02T13:21:31Z,excluded_route,2.062286,2.048621,,right_censored,,,,,,,,,,,,,,,,unknown,false,unknown,unknown,unknown,0,attribution_unknown,
42161,9745,107644215927129462662502845360339315134652595514625295990699269205466597518969,0xc54e6cf1507b84f06368b2567d744755b41b93416f1630d998d15f302fa7356c,0xcce835b421bd077076a6090f13ce335ffbb0de7c344b5f382f3f05eabb99cb98,2026-10-02T13:45:30Z,excluded_route,46.670000,46.670000,,fill_unknown,,,,,,,,,,,,,,,,unknown,false,unknown,unknown,unknown,0,attribution_unknown,
42161,56,4709269,0x18994f4c5ed5b67facdc0e40b298a365ada829d98c83accbbb84db1659a4c25f,0xce911d8741f54daef53276a7552af2381578dc9d5d97bb39f571c8636ed45347,2026-10-02T14:06:53Z,excluded_route,1.800218,1792647289445.998378,,right_censored,,,,,,,,,,,,,,,,unknown,false,unknown,unknown,unknown,0,attribution_unknown,
42161,1,4709260,0xfd6347f2ec87e927cb5144c845d4462122f7dfe11f1f0fcf0d6a485874ddb5da,0xcf32e42bde42e8790e3a448a71f48d1db3ebb39876d730644b4fd64f6cd5dd5d,2026-10-02T14:01:49Z,excluded_route,1.248125,1.246830,,right_censored,,,,,,,,,,,,,,,,unknown,false,unknown,unknown,unknown,0,attribution_unknown,
42161,4663,4709185,0xd6e4164f2b191dac7676be4e81e1f9856605658d9f54c05d7fea0bd94558a5fa,0xd1be50ffdd52742cd750459b5477d73640569e741e2e344f472e8a4c8505bf12,2026-10-02T13:20:41Z,excluded_route,10905524559.299730,10892476988.344573,,right_censored,,,,,,,,,,,,,,,,unknown,false,unknown,unknown,unknown,0,attribution_unknown,
42161,1,4709263,0xc1a6b700bbd28369b22982d483fe53bce8b7b8af2f1144d8b1472e9ccbf8a02e,0xd98a1ea064ef15943ebe2ca327d93b6debdee7d32825bd18117047c0069fa4ed,2026-10-02T14:04:10Z,excluded_route,50000.000000,49994.780625,,right_censored,,,,,,,,,,,,,,,,unknown,false,unknown,unknown,unknown,0,attribution_unknown,
42161,8453,4709222,0xbbc82447776e566d24217d50eeb3dbe042bf566f5ee37c7143978e29fe5224a1,0xdb1b77d326f1a04bdfc33c8edb90c656999e920bbf46550e25bf08c7b50d1b7e,2026-10-02T13:40:34Z,eligible_original_empty_terms,20.000000,19.994197,0.005803,filled,2026-10-02T13:40:37Z,0,19.994197,0.005803,8453,0xac8f8004f50092055e6a9827eb2997dc4392a44a45aef14db915cbcb0d7e2945,0x19f39ddd7356c3cd2c102f578816c06ace788625865f0b4111c82ad1d2eab5e5,42161,0x000000000000000000000000d0588c940bdbfcfb5f3e8e3c843ed1462d9f828e,0xd0588c940bdbfcfb5f3e8e3c843ed1462d9f828e,,false,whole_transaction_shared_do_not_sum_orders,,,unknown,false,unknown,unknown,unknown,0,attribution_unknown,
42161,9745,77655249756471796060725392772345731100449064556825517651797031843571368990347,0x8e5244976799f30731f4af7672ebbe472379a69a0a4ca8ff8f88e50bd90927c0,0xdd790ccc49e32f3821982b46c6a41d99a73d037a51006c4bb5535ca8868c96a9,2026-10-02T13:46:23Z,excluded_route,500.000000,500.000000,,fill_unknown,,,,,,,,,,,,,,,,unknown,false,unknown,unknown,unknown,0,attribution_unknown,
42161,56,4709221,0xd034526cd1a5fb31516cfce1bf9fa636c45a29150699ce99303a115e6ca4c2e4,0xdf57d5980f2c40c4626d90581ac83da70f3edce2e98463498478149c5471c0f2,2026-10-02T13:40:19Z,excluded_route,25.018784,24910934412670.014515,,right_censored,,,,,,,,,,,,,,,,unknown,false,unknown,unknown,unknown,0,attribution_unknown,
42161,8453,32938677059335861304768288372185544117946371646899593632758021024087322233474,0x2e1745f251bb4251d784705a49ddf7f5b6a1943916ae0a73edba970d8fbc1cb5,0xe3eb196bec9512b2b7e05d07419515701c785846e9c98e445eb5ebf6027dad8e,2026-10-02T14:10:07Z,eligible_original_empty_terms,10.000000,10.000000,0.000000,filled,2026-10-02T14:10:09Z,0,10.000000,0.000000,8453,0x750e3e735ff527fa2f80cf47252cfd46c5be68f5d3b5cefbe5dc80d1720c369e,0x82b015785f7b88d2195acbf66ef1a89ddb2e707122af6df091b59a9632d75d76,42161,0x000000000000000000000000fd03abcadaf3f930fa4e37eb2f6ea3a44a41b7f0,0xf2e3dcb8aebf306bf68f5de3b42ca49def7d14f8,,false,whole_transaction_shared_do_not_sum_orders,,,unknown,false,unknown,unknown,unknown,0,attribution_unknown,
42161,9745,60240942546993026848303951364875193615332060478576144868261748539694500483646,0x8c3f1b30573dcbea9cb6a2edc75dc9ffc416e9c239db2040e7287df14a82d6d1,0xe99fa8c1c6f3a171491229a8f3df3b77d8ffb8d5b7f86f9a1a2238be250b379d,2026-10-02T13:02:21Z,excluded_route,14.610000,14.610000,,fill_unknown,,,,,,,,,,,,,,,,unknown,false,unknown,unknown,unknown,0,attribution_unknown,
42161,1,4709223,0xa7fdaebd44de760a5a4302f71a0ff4c82a2ccef2c77f247105ba76ff0ebb372c,0xec87ab4a4fcc177f5089db4b8fa928d9af68a06d5ef478d52c9f9d8409b2ae47,2026-10-02T13:42:19Z,excluded_route,61.437307,61.286623,,right_censored,,,,,,,,,,,,,,,,unknown,false,unknown,unknown,unknown,0,attribution_unknown,
42161,1,4709255,0x68b365ecd6e621d44095c0f94e07ccf70823f1abed799a1c3f92ec3bfa42df5c,0xef10f6e71ecf14b5a808c63b3a98a7a55f6767bb1851173b9accb3b68193ac46,2026-10-02T13:57:50Z,excluded_route,1072.484457,1072.180470,,right_censored,,,,,,,,,,,,,,,,unknown,false,unknown,unknown,unknown,0,attribution_unknown,
42161,4663,641393573192992460125233695989126399948742217597869874311472728585382469656,0x24ff91dc0cc789bbb5141cf3e5898d4745131bdb9e239c31380da3ee6a7770c3,0xef1f2c325badbd61807fe4d5460194de6128606b5aeba43a58e21d713f76923f,2026-10-02T13:38:45Z,excluded_route,11189624125.256296,11146259260.548173,,right_censored,,,,,,,,,,,,,,,,unknown,false,unknown,unknown,unknown,0,attribution_unknown,
42161,4663,4709257,0x7310c31fc264f1490234d1e2032142769af2ee764a12c00a4552c6250f6252f2,0xf03adfbcd8d5d14b67594de43878cdb2aa8ef1ca3569661b14630529849473c8,2026-10-02T13:58:52Z,excluded_route,5.000000,4.984274,,right_censored,,,,,,,,,,,,,,,,unknown,false,unknown,unknown,unknown,0,attribution_unknown,
42161,8453,21544430679603913988683647123761626672391091472136220026258983511463310796624,0xad44f15dab00ee4a0bef9761565e913668fb039d05254f56bf80ae514aac808e,0xf0e2317e50d8858f05543f935bd54a421bc51a6aee1c10eb77a0708d89eca27b,2026-10-02T13:56:42Z,excluded_token_or_spoke,292480000000.000000,292374747912.328689,,filled,2026-10-02T13:56:45Z,0,292374747912.328689,,8453,0xecfac425259b9e6846a34e307d9ec898f86dd1b64fa12da567014b0e886d2599,0x57132a3308d4c20ffc7b4b2aafb139670092f90b5ccdd105952093f054d39fec,42161,0x000000000000000000000000394311a6aaa0d8e3411d8b62de4578d41322d1bd,,,,whole_transaction_shared_do_not_sum_orders,,,unknown,false,unknown,unknown,unknown,0,attribution_unknown,
42161,8453,4709268,0x42bbaac4dada345b181ce388121ec5701e4ff15d36a679a01974cedefa6db7a8,0xf33aa5cd92deed80059e15d7cc460b2ad8a73920519db6e37234bb54877fbe4c,2026-10-02T14:06:42Z,eligible_original_empty_terms,17.845637,17.840054,0.005583,filled,2026-10-02T14:06:45Z,0,17.840054,0.005583,8453,0x2256c3673ee91771ffede2ae138c06f29a28a60c7b92b0dee5cac16f09abfa26,0x2cc52ac02e8c080f85e3a2c2673c5f2dcbfc203ac6fdde511e828bd8db5388e6,42161,0x000000000000000000000000d0588c940bdbfcfb5f3e8e3c843ed1462d9f828e,0xd0588c940bdbfcfb5f3e8e3c843ed1462d9f828e,,false,whole_transaction_shared_do_not_sum_orders,,,unknown,false,unknown,unknown,unknown,0,attribution_unknown,
42161,1,4709240,0x7c43fe1e96a0f040d8a5a8bea104cde142e00a987ea673e00c89996c875f807d,0xf836c7de44b3f9164410fca0f24bdb0430af10d5a2dfc040d9faf4c7622a1330,2026-10-02T13:49:17Z,excluded_route,9063174276467.306280,9061014922042.264843,,right_censored,,,,,,,,,,,,,,,,unknown,false,unknown,unknown,unknown,0,attribution_unknown,
42161,8453,4709275,0x9520fc509c920e9fcc9bef8d9160e7512d567eec2383e64f0e503b54f0f52b79,0xf8757dca8c5eec8e0520e7364dc1cfdfb0fb302e9bb9a1ca8633d4cec7f5d76a,2026-10-02T14:10:33Z,excluded_token_or_spoke,3.293127,3.288662,,filled,2026-10-02T14:10:39Z,0,3.288662,,8453,0x67002085f55877e0a72ef6128da39a26c3f87fa948a87b9712e2dbba0d28291f,0x33fb5e18d1bcb2aafe07033d3dae0544752c3fe235fab3886cd7479cefa6ed93,42161,0x00000000000000000000000007ae8551be970cb1cca11dd7a11f47ae82e70e67,0x07ae8551be970cb1cca11dd7a11f47ae82e70e67,,false,whole_transaction_shared_do_not_sum_orders,,,unknown,false,unknown,unknown,unknown,0,attribution_unknown,
42161,4663,4709211,0x2660c3ce68cba3c22c0fe46e6349b9c05e4767076eadf8b29644c6aae291f0e0,0xfcba0995cf5c41b2ae64c67a9f0534b8bf8b4d97cb8f5cae019b0ce38745bf07,2026-10-02T13:36:56Z,excluded_route,6951030870.000000,6942111432.037437,,right_censored,,,,,,,,,,,,,,,,unknown,false,unknown,unknown,unknown,0,attribution_unknown,
8453,56,6283284,0x3d8e5765808aea6ab0b1b92da6041cf13588916916b78eb0d79953022b591f52,0x00bc908aba85eb00017a0961477feb162c2afca67f649bcab2ab5d87a3a42969,2026-10-02T13:37:17Z,excluded_route,10.000000,9975373000000.000000,,right_censored,,,,,,,,,,,,,,,,unknown,false,unknown,unknown,unknown,0,attribution_unknown,
8453,1,6283156,0xde148da38959f5fa7be158efc2c70dbaca0446a77c8c8d68e57c3011aa0ca277,0x00c49f031a124a317be0dee65ec772ba130593492b9210b99becd9342357e8f9,2026-10-02T12:58:59Z,excluded_route,181270160793.907051,181093637054.597925,,right_censored,,,,,,,,,,,,,,,,unknown,false,unknown,unknown,unknown,0,attribution_unknown,
8453,4663,6283131,0xd654f09f3a2784702e9b4ae59a204814ee87ae43b7ab0da17227c7aed6868b50,0x01b7525456bed30e6ec43899cf4cabc4d73be2e14bfbe813e1fb764aad5b1384,2026-10-02T12:49:49Z,excluded_route,12000788484565.270528,11998025939249.678767,,right_censored,,,,,,,,,,,,,,,,unknown,false,unknown,unknown,unknown,0,attribution_unknown,
8453,42161,6283278,0x7fff54db2c8f4437bad272255638f40df2222a5e059002e7008db7e9e7f4a9a9,0x01c56d012385929e3606443217955d12ef2fcb87b4cf4931209270b14e67cf4d,2026-10-02T13:36:33Z,eligible_original_empty_terms,10.275666,10.266438,0.009228,filled,2026-10-02T13:36:33Z,0,10.266438,0.009228,42161,0xa783f3bf0560f94541b76e428ccbbe176120e5e64ed525339f5b01994923d576,0x6c2251c99b0c2188f7130438bdbe1ce00949c7b0e32e37c27294579fb8549cca,8453,0x000000000000000000000000fd03abcadaf3f930fa4e37eb2f6ea3a44a41b7f0,0xcad97616f91872c02ba3553db315db4015cbe850,3922380584288,true,whole_transaction_shared_do_not_sum_orders,,,unknown,false,unknown,unknown,unknown,0,attribution_unknown,
8453,4663,6283146,0xe6a680dfaf427ec6676adf814d7f4fbf6dbb671fd2bb994e2544eac18e6aef03,0x01e5a6fd5098b26407148245b3286056495616d45ee45c4e2150995c27de3799,2026-10-02T12:55:29Z,excluded_route,1300000000.000000,1292564799.260321,,right_censored,,,,,,,,,,,,,,,,unknown,false,unknown,unknown,unknown,0,attribution_unknown,
8453,1,6283185,0x829c114c1d85724c7ff958eb9a62df645ff21c41ac3443501900dd4368a15f2b,0x01f32a58ec180fac0916bce0ea37a692813f4732fc22a2335e063537f1d0b0e3,2026-10-02T13:08:29Z,excluded_route,40.000000,39.799200,,fill_unknown,,,,,,,,,,,,,,,,unknown,false,unknown,unknown,unknown,0,attribution_unknown,
8453,4663,6283328,0x2f976f4bcaad7ebf4460c60d9cafe28832b6a3d5712be3f69858fdb04c98f6bb,0x021a5f700464dadc1c755b8b935689312086b4040f073bc756e6d5b0ede0a8dc,2026-10-02T13:48:37Z,excluded_route,195661927345.970240,195603049437.449879,,right_censored,,,,,,,,,,,,,,,,unknown,false,unknown,unknown,unknown,0,attribution_unknown,
8453,4663,6283384,0x23f7193cb7052c866736d076ef61e694d73c48ac7524e10f3906aace9f134778,0x021d94e2f2b5e5bf772d83cf94468b6907932593f4d810784fea6e21c4a40f70,2026-10-02T13:59:03Z,excluded_route,2885666474.985000,2877695660.081962,,right_censored,,,,,,,,,,,,,,,,unknown,false,unknown,unknown,unknown,0,attribution_unknown,
8453,4663,6283184,0x3be4efc672837307755cbbae6e7aa74cb6f4af76e01ff17bf361f28c9e3c8745,0x0254821e6627426068178184dfa71d097d5d512367dede1af4b7c9e1104d3cb2,2026-10-02T13:08:23Z,excluded_route,75757029999.999989,75730934440.034245,,right_censored,,,,,,,,,,,,,,,,unknown,false,unknown,unknown,unknown,0,attribution_unknown,
8453,1,6283183,0x31a954eb4b270ed18aa43e4044e4fbf732c7d8efc4baaf6859714c031ba82d38,0x03213f819284e953c687b71bbcdd4c9c57065417d9e6b3970b60ca9abc2df7af,2026-10-02T13:08:11Z,excluded_route,5722944918.383899,5612531060.005839,,right_censored,,,,,,,,,,,,,,,,unknown,false,unknown,unknown,unknown,0,attribution_unknown,
8453,5042,6283133,0xabdac4630483ec1184939004acb96a71b367649fb6921ebc74882b400809a98d,0x04684c79609c00b2e9220f3b91b28cebd4cc95bc4cd09aff63fc18067597994b,2026-10-02T12:51:33Z,excluded_route,0.981855,0.978747,,right_censored,,,,,,,,,,,,,,,,unknown,false,unknown,unknown,unknown,0,attribution_unknown,
8453,1,6283272,0xd8578f37cfa7e512f5e8cddcd7f52ecd0bc3c4b453bd2d7dd107f9658e251c5b,0x06948c1764a20ada785cb2500fa3d6b8d1d073ed2ca44d936f536db023baf7f6,2026-10-02T13:34:05Z,excluded_route,6400000000.000000,6338664473.232569,,right_censored,,,,,,,,,,,,,,,,unknown,false,unknown,unknown,unknown,0,attribution_unknown,
8453,4663,6283426,0x67e5d929a50f6d2108fbf6af30089c6512551cf2d72b840fd0d2a69d80911784,0x07a635e80da2ff2a6f3f4a05e07d90750866461516aa3e03810a68491ee6b18d,2026-10-02T14:11:39Z,excluded_route,271784529.755000,263346876.037578,,right_censored,,,,,,,,,,,,,,,,unknown,false,unknown,unknown,unknown,0,attribution_unknown,
8453,42161,6283425,0xac4611a986981195ef38c889ea316211198e727801d71feb95e92b3ebcd863b0,0x07a635e80da2ff2a6f3f4a05e07d90750866461516aa3e03810a68491ee6b18d,2026-10-02T14:11:39Z,excluded_token_or_spoke,16.211958,16.146347,,prefill_possible_or_clock_order_inversion,2026-10-02T14:11:37Z,0,16.146347,,42161,0x4899ccb9ae5455ea4c8ca95527e9eff39d54c434f429ad659936ed6c1f17a586,0x78145eeaa26441e997968daac67ceff0b1a5fc536622d3f8924842ee78ebd633,1,0x0000000000000000000000000dc1e92fbcc8413b1341f4c1b1c203c3b1a03d73,,,,whole_transaction_shared_do_not_sum_orders,,,unknown,false,unknown,unknown,unknown,0,attribution_unknown,
8453,4663,6283299,0x2560c7d0c7575e6561623b16a23af1ae30656f3e3225ed378baee64d298ff692,0x08768242d380d4bdaa3a9c3eb408ae3454c858f4a838ace1f604d1c0b08db3e9,2026-10-02T13:41:17Z,excluded_route,664255333392.022016,664092443281.382155,,right_censored,,,,,,,,,,,,,,,,unknown,false,unknown,unknown,unknown,0,attribution_unknown,
8453,1,6283326,0x2112365f5b9f201cdc85d9c97ae9dbc5d9e369deb8db4f2f593fd7356f92656f,0x09736d38e8a6b0e65058d7d74a979d0e81197f0ed77a0759c861dcc152d2d6a1,2026-10-02T13:48:09Z,excluded_route,3200000357.098548,3126739620.069405,,right_censored,,,,,,,,,,,,,,,,unknown,false,unknown,unknown,unknown,0,attribution_unknown,
8453,1,6283224,0x847c30f16a1962853ac09a369bc071689564313c2b360706971145e9c2eb0de9,0x0b21ecb4a90d93ec1d02cb3c5c0ca239d90433ca1a68b290d3779567dfe4de31,2026-10-02T13:20:31Z,excluded_route,11.145881,11.026433,,right_censored,,,,,,,,,,,,,,,,unknown,false,unknown,unknown,unknown,0,attribution_unknown,
8453,42161,52949054094206309319657945562016859601226981273239460319303282706006269033787,0x13b7fd6be8bda135c2d2b9969758c2cd2b066457dd53a4c72e0f58cff5714e49,0x0c3e63de9149c276d6f0b96ab43a402bf920360bb4eee4eb928cc43c4f05702c,2026-10-02T13:45:13Z,eligible_original_empty_terms,10.000000,10.000000,0.000000,prefill_possible_or_clock_order_inversion,2026-10-02T13:45:11Z,0,10.000000,0.000000,42161,0x0c064ff327d5a0469c3b4062fe1936f546a0457f4f3e042adcf355899465dac1,0x2aba14fc94ac36da9337438ee8311f5edbe7527ae48fcd725f6ef972d24d624f,8453,0x000000000000000000000000fd03abcadaf3f930fa4e37eb2f6ea3a44a41b7f0,0xf2e3dcb8aebf306bf68f5de3b42ca49def7d14f8,5990260700228,true,whole_transaction_shared_do_not_sum_orders,,,unknown,false,unknown,unknown,unknown,0,attribution_unknown,
8453,1,6283312,0x8cc0343d18b21df39e7e32d6ce9310c984b47f8397f03dd05427e6d48270e96e,0x0cc1c3b0dd01f53ea20bc15e0fda6f0bd6d44d85beaf3a251ec817152f2fe3c2,2026-10-02T13:45:01Z,excluded_route,495.252250,494.885744,,right_censored,,,,,,,,,,,,,,,,unknown,false,unknown,unknown,unknown,0,attribution_unknown,
8453,42161,6283297,0x705862c35942980287fbd8439ac48f3c318f7f2c6516cc59af5f589d6d8d1c90,0x0d22a3c3a4bb5b51e6393c7832d1634e6fd1bd25df9f083e7a0bac2abab5f76a,2026-10-02T13:41:03Z,eligible_original_empty_terms,120.942644,120.922554,0.020090,filled,2026-10-02T13:41:03Z,0,120.922554,0.020090,42161,0xdd8161393a7c4012efbc5070bf15bc83f0b3639d38c0e75e2c9036b931bf3d70,0x789b1ca7a44b4da88aab73b720c2bcfb6322802e36981d921b98d16e48a0fbb5,8453,0x000000000000000000000000394311a6aaa0d8e3411d8b62de4578d41322d1bd,0x394311a6aaa0d8e3411d8b62de4578d41322d1bd,7293507804000,true,whole_transaction_shared_do_not_sum_orders,,,unknown,false,unknown,unknown,unknown,0,attribution_unknown,
8453,59144,21292506645878648801718599371571104008921349565679651721185536644984327551282,0xa4e48a97e7a11f68cefddf81c8d977fe6210937e71c51a6cedb3215be884baa7,0x0d28c27df6f0e242fb8e43a0c145f298e29daed5a9c7d7aa98217f9263432f92,2026-10-02T13:42:49Z,excluded_route,111.034316,110.819789,,right_censored,,,,,,,,,,,,,,,,unknown,false,unknown,unknown,unknown,0,attribution_unknown,
8453,5042,6283157,0x13c762bc1cb2a1951ccc0f482e0eda997731ea485e0f2855419f347d69b6b6b3,0x0d715303ba33937f744b8eb32af7282c492ce2cec9cbc520f05e2554549523c0,2026-10-02T12:59:09Z,excluded_route,1000.000000,999.896989,,right_censored,,,,,,,,,,,,,,,,unknown,false,unknown,unknown,unknown,0,attribution_unknown,
8453,42161,6283345,0x86102da0fbb33c94ec19780098845ec7d2cfe10eeec9cd5bbe4a81eb3887b1dc,0x0d83cb9639f8069c408c9d7bd5ee9b4749b176ea433707532490cfeeef3ed64d,2026-10-02T13:51:23Z,eligible_original_empty_terms,88.774240,88.757143,0.017097,filled,2026-10-02T13:51:23Z,0,88.757143,0.017097,42161,0x8d61ea0fed7b169c5ccd80028c796c5376810bcf119510688a7f486816332ec9,0x7046d85ff6d7c2c8d402e0933d830a4a1cc3f72f0c5fd80990ee55b1945106d8,8453,0x000000000000000000000000fd03abcadaf3f930fa4e37eb2f6ea3a44a41b7f0,,,,whole_transaction_shared_do_not_sum_orders,,,unknown,false,unknown,unknown,unknown,0,attribution_unknown,
8453,9745,100095930295267922299192958612236695776384337112695333575386339096387707644,0xc0171342524bb00dc064b9cda351a064ef2324dc622440ccad0c8c6ebef2dccc,0x0d83cb9639f8069c408c9d7bd5ee9b4749b176ea433707532490cfeeef3ed64d,2026-10-02T13:51:23Z,excluded_route,10.000000,10.000000,,fill_unknown,,,,,,,,,,,,,,,,unknown,false,unknown,unknown,unknown,0,attribution_unknown,
8453,480,6283238,0x9b09cbdd9bf92ce8052e55d85b161e91f9a4547cb8d87c1d795372d117f6dc8d,0x0e4f4b21d3c5dfb83a3eca12ea21819c9d567e881c926cac481f64945354a198,2026-10-02T13:23:37Z,excluded_route,312414726.346194,311928025.044711,,right_censored,,,,,,,,,,,,,,,,unknown,false,unknown,unknown,unknown,0,attribution_unknown,
8453,4663,6283152,0x2ae4c26b211f32f73e065cfb962e5f12f35a603f74b3dbe656ff6a2524c14e68,0x1077ba55b02c3507906891c63978fd08c9ed8594cdd693ea729f24608036dff9,2026-10-02T12:57:51Z,excluded_route,17049787.559435,9899942.697548,,right_censored,,,,,,,,,,,,,,,,unknown,false,unknown,unknown,unknown,0,attribution_unknown,
8453,4663,6283175,0xe9425ed4a27f1e179a836404917cf18b98425957f0851e1273205c99feab49a5,0x110e8d96781aca2d34b6efe1cdb4d2b44fbbf307068c3377d6d6c1fc9a44c35a,2026-10-02T13:06:27Z,excluded_route,72561550876.612314,72536241536.790867,,right_censored,,,,,,,,,,,,,,,,unknown,false,unknown,unknown,unknown,0,attribution_unknown,
8453,56,55546512134673048887879509628170343772348331359057851713605068338743235656893,0xbdcf3e163f87f818e10d20513a7a17a3a5fad0b563acb64e46357d2df5e0744b,0x12234391bf52e1525d5fe5ba6dba862be7bbf3cc4bd2ead2b9caf1905d7ddc52,2026-10-02T13:34:41Z,excluded_route,2000.230000,2000060387687146.302931,,right_censored,,,,,,,,,,,,,,,,unknown,false,unknown,unknown,unknown,0,attribution_unknown,
8453,4663,6283127,0x392a329e8661cff38e0c624f29eca52e6c89fc88aea89e841384ff48d2eabdc9,0x129cff2621ef6943120c0f98a98da9d20d22328a055e77c8fdaffd96eaa1606b,2026-10-02T12:48:17Z,excluded_route,11155573886.102391,11114310872.242929,,right_censored,,,,,,,,,,,,,,,,unknown,false,unknown,unknown,unknown,0,attribution_unknown,
8453,480,106776928043339011301597140133807933774465257734051931005410789842102998196969,0x374b1d39b9910222dca785dc084df9557ac36a48eaaf8f56fb805f60e7d80959,0x136e588b4859cfa4c26355cce2042e92212e3981f296cc2bd148ca0b781bcbdc,2026-10-02T14:03:37Z,excluded_route,5000000000.000000,4997772000.000000,,right_censored,,,,,,,,,,,,,,,,unknown,false,unknown,unknown,unknown,0,attribution_unknown,
8453,4326,6283136,0xd762d1056f0bc94d344baa2943110c94d7a157c73df6d6456e9d51693183a5a1,0x14871e0c624003d5735b9323798b2d8500bf11c1be3769e75a04c8ee9a48c54e,2026-10-02T12:52:35Z,excluded_route,29208000000.000000,29200217361.014324,,right_censored,,,,,,,,,,,,,,,,unknown,false,unknown,unknown,unknown,0,attribution_unknown,
8453,4663,6283364,0xc5b1171eb88b3c97feea3c8bae1f212935359cdb2488917fd870fc7561381c37,0x14c35127e9558e417b4fb418e4d00d4fd4fff1443825422642d7afc6941f6fd7,2026-10-02T13:56:13Z,excluded_route,39243382295.310763,39226300763.797656,,right_censored,,,,,,,,,,,,,,,,unknown,false,unknown,unknown,unknown,0,attribution_unknown,
8453,4663,6283200,0x30dba151a856eaa80424f9b91b9cbeefa43cd5ad423a62cb05afef24b5a2d8e9,0x14caa98194298bd2b1acbaa7e8d4535e984d9e28b69a0f3122a3108babdf96ca,2026-10-02T13:14:51Z,excluded_route,566373279.110079,558952018.524971,,right_censored,,,,,,,,,,,,,,,,unknown,false,unknown,unknown,unknown,0,attribution_unknown,
8453,4663,6283134,0x10c6c1bf878e6e16efad6dd3d833c761b2c27315e587465a20942b9197ddefe2,0x16aa508b217132e54a16509391434255eb20968a2d02ba755cd7bdb0c9173c31,2026-10-02T12:51:39Z,excluded_route,2000000000.000000,1990509992.642012,,right_censored,,,,,,,,,,,,,,,,unknown,false,unknown,unknown,unknown,0,attribution_unknown,
8453,56,6283243,0x02749843751b4ac542a8a0dbc95513136d3e147fbddaa538ff714cf9fa71cef3,0x17e3e6d1236c44993291254bac56842bb8feab004f590be20d535ea6c502ab1f,2026-10-02T13:25:23Z,excluded_route,71.709781,71698458386760.909563,,right_censored,,,,,,,,,,,,,,,,unknown,false,unknown,unknown,unknown,0,attribution_unknown,
8453,10,6283397,0x0f3d1257bbcf3ffaf9f03505d5d92a77967d20576b895b679c3b3eb8e4ce61c3,0x192ff30ab7648dd555de12211f9a18a1a764c0718e66712760c834b6ba6655c5,2026-10-02T14:01:09Z,excluded_route,14700000000.000000,14696117048.771333,,right_censored,,,,,,,,,,,,,,,,unknown,false,unknown,unknown,unknown,0,attribution_unknown,
8453,1,6283289,0x70efad6a5a9f012de1d1557fa014700ea0fe04b928b5d9dcc0faab2aab48c0e4,0x194ab67c2e5445c4db8134f68131883f98e07b6131cb3a8ec6230292afebcc2a,2026-10-02T13:38:35Z,excluded_route,1000.000000,999.765981,,right_censored,,,,,,,,,,,,,,,,unknown,false,unknown,unknown,unknown,0,attribution_unknown,
8453,56,6283155,0xe0f2a9661369c03b8677af4a71308096889eabd160d360208351cd6822144e97,0x199a373bc9a711b46b0d679037a7ede8cc787fbab577a1a3f99a2e19c8c4d2e1,2026-10-02T12:58:51Z,excluded_route,744.750000,744555642548015.446483,,right_censored,,,,,,,,,,,,,,,,unknown,false,unknown,unknown,unknown,0,attribution_unknown,
8453,1,6283250,0xbdf0c1cf1b867316b59c96a630de7d1306c907af07c0b1a6d0f2c15eb4b57872,0x1b52794685212048facae2dc9a0f48f52b3aa8a07ce7658b67fc8bc181b01df1,2026-10-02T13:26:51Z,excluded_route,371.718750,371.585088,,right_censored,,,,,,,,,,,,,,,,unknown,false,unknown,unknown,unknown,0,attribution_unknown,
8453,1,6283352,0xe14f3605b9a3742a223972cba0bc1fae5448b902b77f6421ff927d7d8a788750,0x1be018b273810239e9cbc525fb6e66ded43bd8ce46e232ed3cc8af320a443c3d,2026-10-02T13:53:11Z,excluded_route,24781250000.000000,24693405468.893069,,right_censored,,,,,,,,,,,,,,,,unknown,false,unknown,unknown,unknown,0,attribution_unknown,
8453,1,6283293,0xb6485adde6eb6fd5eb10c7560c9f573854327108bdcc94a6e490a07154e2481d,0x1cb4be8e890356274b0829beffb2a1f8ac46a2ede1e49acda07720e61ffc606a,2026-10-02T13:39:41Z,excluded_route,2.000000,1.874578,,right_censored,,,,,,,,,,,,,,,,unknown,false,unknown,unknown,unknown,0,attribution_unknown,
8453,4663,6283264,0xd27c878ce66656f4f4e6f52851664809487ac6a595dcf650447f5d268724d378,0x1d6e21228856ee0e2b74953cdbdc4886094bd55b3a16537fb8a6fe72040c90eb,2026-10-02T13:31:37Z,excluded_route,993004410.000000,985613380.426414,,right_censored,,,,,,,,,,,,,,,,unknown,false,unknown,unknown,unknown,0,attribution_unknown,
8453,480,6283283,0x90e22bc148780048d2ed54a59ebc97915bcac2fa4ff795fb69b0c5f1146b0f14,0x1dc3cd8ee52309797ca49b9bcc2a25dd4ac964da23d41485eb5579401ce7b9c1,2026-10-02T13:36:59Z,excluded_route,1447993266.585151,1447324622.991778,,right_censored,,,,,,,,,,,,,,,,unknown,false,unknown,unknown,unknown,0,attribution_unknown,
8453,56,6283271,0xac5a82d8027fd530536c57bf918aba4fb5235b4df82ab1b87f3488532fc13d9f,0x1e9c192ce5a94417b138deca7c2365774f0bde94d808563ba490961225caf288,2026-10-02T13:33:41Z,excluded_route,3000.000000,2999692293000000.000000,,right_censored,,,,,,,,,,,,,,,,unknown,false,unknown,unknown,unknown,0,attribution_unknown,
8453,4663,6283341,0x0fa4ceef8882123433e8fab2ba610f23ac9340b19fa76864d0c0d3cd392a8257,0x1eddb708bff539f9af83755331d1195f820f3e357109b5fec60456e53511a1e6,2026-10-02T13:50:37Z,excluded_route,244645000000.000000,244577971113.288823,,right_censored,,,,,,,,,,,,,,,,unknown,false,unknown,unknown,unknown,0,attribution_unknown,
8453,1,6283419,0xa2039bbefad9e2b70f30436003fa0baf4534658338ba12195486c588ec7c4727,0x1ef8e1e51cc6a9559a18e6e05229f349864b31b27a7d2218650c25530ac04a61,2026-10-02T14:10:37Z,excluded_route,31306933264.509088,31168291918.604190,,right_censored,,,,,,,,,,,,,,,,unknown,false,unknown,unknown,unknown,0,attribution_unknown,
8453,1868,6283126,0xb49e9a3618da783cf1d862258b07c2a206f7d055e8e8b94f2de4753d57073a08,0x1f7efd852b41aaf4e8bd20dff73199728eb27aaf244648024b0c67c5de71dd7a,2026-10-02T12:48:03Z,excluded_route,50.000000,49.994562,,right_censored,,,,,,,,,,,,,,,,unknown,false,unknown,unknown,unknown,0,attribution_unknown,
8453,4663,6283368,0xff13f6858ef6753002a7a715dfbbf476eabc5db1d35696788ec506265407fe37,0x1f87c33009255268628c1b466909576e9a2b8ac4d534dcbbe2dc9b268b7a9545,2026-10-02T13:56:49Z,excluded_route,265000000.000000,257721943.167688,,right_censored,,,,,,,,,,,,,,,,unknown,false,unknown,unknown,unknown,0,attribution_unknown,
8453,4663,6283369,0xd85b42c900ac992d813f7b498ac450927bc086443259905db4b618b867e39b96,0x1f87c33009255268628c1b466909576e9a2b8ac4d534dcbbe2dc9b268b7a9545,2026-10-02T13:56:49Z,excluded_route,50000000000.000000,49980195521.743983,,right_censored,,,,,,,,,,,,,,,,unknown,false,unknown,unknown,unknown,0,attribution_unknown,
8453,4663,6283379,0x9ddb2c11f62b2bcaee8c4b3fdc64379e94600062ebbaaca83271837523679dd3,0x210f35c435c256a66a985c44295278a6f04373ebbffbdab60cdeb10bd0ed5e52,2026-10-02T13:58:13Z,excluded_route,3000000000.000000,2991936129.193564,,right_censored,,,,,,,,,,,,,,,,unknown,false,unknown,unknown,unknown,0,attribution_unknown,
8453,1,6283380,0xd6ebbeee799e6379ca02738f9a70f92b6590070ea35e9d4d2e621441847245f9,0x210f35c435c256a66a985c44295278a6f04373ebbffbdab60cdeb10bd0ed5e52,2026-10-02T13:58:13Z,excluded_route,3768927807.028830,3670113053.236241,,right_censored,,,,,,,,,,,,,,,,unknown,false,unknown,unknown,unknown,0,attribution_unknown,
8453,4663,6283402,0x4e3b37ab3e5b107566f66a3c87e037bcb036d01c9f5ba0296aa091bd8f22af60,0x2330807f2311ef4fafcf27663ea7405ab66bee8a57464c7fdcbeeb10d9b57ff7,2026-10-02T14:02:51Z,excluded_route,80000000000.000000,79972613573.547532,,right_censored,,,,,,,,,,,,,,,,unknown,false,unknown,unknown,unknown,0,attribution_unknown,
8453,56,6283231,0x6619e74bbc32dee47f36c03fce775f5de1c21cd06a9dc3cadc3683cc9bc67361,0x23aa5ee80a82f237ed7bd5412f4dc0ca72319bd8609543cca5b6c9dcaf19f76e,2026-10-02T13:21:49Z,excluded_route,210.000000,209974867000000.000000,,right_censored,,,,,,,,,,,,,,,,unknown,false,unknown,unknown,unknown,0,attribution_unknown,
8453,1,6283205,0xab0572ce1f37d4d70c246c3f50af6d47516ad1d4afd5873e15c5164d3d636598,0x252aa63a388dcc8f93d92c1e9db3809021363220f2020ce87743a1670423a770,2026-10-02T13:16:19Z,excluded_route,13.153124,13.006303,,right_censored,,,,,,,,,,,,,,,,unknown,false,unknown,unknown,unknown,0,attribution_unknown,
8453,1,6283178,0xd68f66bed2bfe744c1524d738c5b5e943d9f065e944f7034a6fa7d19c5d7f64d,0x25a957a581f75f5bed6e4a4ac3ed842924285f3fcfab940267d6fbd27b5eea9e,2026-10-02T13:07:09Z,excluded_route,2.000000,1.776135,,fill_unknown,,,,,,,,,,,,,,,,unknown,false,unknown,unknown,unknown,0,attribution_unknown,
8453,42161,4459252469571545929664078236938352177404798460967710828263866595679378935215,0x8d4536cf5eacd9094ccac1242b952bbbb154630c52225e6d675854bb3b43604c,0x269c5bfceedb0b60a52e9b092054b679390c498eda76de1fdd4ab4869f57a1eb,2026-10-02T14:05:13Z,eligible_original_empty_terms,10.000000,10.000000,0.000000,prefill_possible_or_clock_order_inversion,2026-10-02T14:05:12Z,0,10.000000,0.000000,42161,0x03c3f1599d5157d381f3850456fa973cf4e6c58b52be0f705fa5e522473d162a,0x80e621547c4b96f18fcde905cc209e8dcd2ad589042f272ea676303ad400a55a,8453,0x000000000000000000000000fd03abcadaf3f930fa4e37eb2f6ea3a44a41b7f0,0xf2e3dcb8aebf306bf68f5de3b42ca49def7d14f8,6031354520000,true,whole_transaction_shared_do_not_sum_orders,,,unknown,false,unknown,unknown,unknown,0,attribution_unknown,
8453,4663,6283386,0xec39e80c15d1a428e05518886140170e146baffd93accd719a749a44476cee38,0x26b851f55dcbc316ece82337da12acf7424b8b56f4cde39cfd90ee930fd9e1db,2026-10-02T13:59:25Z,excluded_route,66529793.612511,59264755.416609,,right_censored,,,,,,,,,,,,,,,,unknown,false,unknown,unknown,unknown,0,attribution_unknown,
8453,42161,6283392,0x74bd47d80fae68387091eb533b7ee8e49263e0cf76f8c97f3ada290a23b08b68,0x27389b4c541198e33897d1d583b076b27fde866de70f870cc465b0acc1acf0d5,2026-10-02T14:00:13Z,excluded_token_or_spoke,364270984.384223,359614041.068691,,prefill_possible_or_clock_order_inversion,2026-10-02T14:00:11Z,0,359614041.068691,,42161,0xfa40dd4e9a0b72f33f1fafbd1ee0520a6aa7d46c940269bcbed738631b577338,0x54746e4049ded0727a0e649cdd47770a4a681cd49fc6fb682b2e23d81828b30d,8453,0x00000000000000000000000082e09995c4cb3a74a5d094cb4d08566c8c00e47a,,,,whole_transaction_shared_do_not_sum_orders,2026-10-02T14:00:16.919239Z,3919,unknown,false,unknown,unknown,unknown,0,attribution_unknown,
8453,4663,6283382,0xe3b6e3bda2ac9844a5874edb446496f6d913fa327744c3cc63daa505374a2642,0x27a745f79b84b2851717ff53ffcdf1189e99acca3af093a726542be3b1a28de4,2026-10-02T13:58:53Z,excluded_route,768000000.000000,760640765.906843,,right_censored,,,,,,,,,,,,,,,,unknown,false,unknown,unknown,unknown,0,attribution_unknown,
8453,1,6283383,0x29e70f08f40b481ed896e6f1596b5e33532ed0a886ba65e248fab3fed8a7999f,0x27a745f79b84b2851717ff53ffcdf1189e99acca3af093a726542be3b1a28de4,2026-10-02T13:58:53Z,excluded_route,100.000000,99.455002,,right_censored,,,,,,,,,,,,,,,,unknown,false,unknown,unknown,unknown,0,attribution_unknown,
8453,42161,113780144300250052891401357709665973202754387388126223040707408194913094797827,0x282475ae4b184f5b9f1ce888129d3cb5f2e19c60cf96d5bc24666a41d87babe0,0x27c0e68d799ac4ed9a4d40fc03d7037fba79bde84fcf8b7b54f0e3eb2fe3d287,2026-10-02T14:00:07Z,eligible_original_empty_terms,10.000000,10.000000,0.000000,prefill_possible_or_clock_order_inversion,2026-10-02T14:00:06Z,0,10.000000,0.000000,42161,0xd4b78b01fb18a2ebb39d12f8ac0dd736f181674e96ea082cb7f5620015a8966b,0x12661211873a9c6e64846cfcd6f03c6add7a8f911a9ab1dd4384ed6f4a91c797,8453,0x000000000000000000000000fd03abcadaf3f930fa4e37eb2f6ea3a44a41b7f0,,,,whole_transaction_shared_do_not_sum_orders,,,unknown,false,unknown,unknown,unknown,0,attribution_unknown,
8453,5042,6283415,0xac88eff7936865ab5053ebb435edef0be79f09e41efaa6855cf69c32ab0a74f1,0x280afb21ec6c9d004519659512fdbcd0d2fe45eaeb49d1472d5d1895d6f6db0d,2026-10-02T14:09:37Z,excluded_route,164.440185,164.418129,,right_censored,,,,,,,,,,,,,,,,unknown,false,unknown,unknown,unknown,0,attribution_unknown,
8453,4663,6283322,0xf474788c603509c03d1f0734fb25e2915944088f9a165335e19a4395a4c0e236,0x284456b7d5457ecaec506b157dba5ffb01e71a0777d6e311a9267524feed2448,2026-10-02T13:47:03Z,excluded_route,3281297566.924324,3268711630.629108,,right_censored,,,,,,,,,,,,,,,,unknown,false,unknown,unknown,unknown,0,attribution_unknown,
8453,1,6283404,0x636c7a1aa2c58ec59c5cc766c745a26878a10ed5aa21aabf98f1b8b105d2ebcd,0x28fc08576a31b795c5c5218a374954f672ec7f04c3171d66ccf6cff3dca0d75b,2026-10-02T14:04:21Z,excluded_route,139718670635.065020,139564476033.449686,,right_censored,,,,,,,,,,,,,,,,unknown,false,unknown,unknown,unknown,0,attribution_unknown,
8453,4663,6283343,0x5ca5f3ece2d71bef7c2228234ace06a90040a99db01bb1048c3cb0ac564eea24,0x2999963ad73ce63b83484ceb9cea8d2195eb2b76e77ea961bdd7944067d9e06a,2026-10-02T13:50:57Z,excluded_route,50000000000.000000,49980132848.128621,,right_censored,,,,,,,,,,,,,,,,unknown,false,unknown,unknown,unknown,0,attribution_unknown,
8453,56,6283408,0x4ef3f8f6043c6fde7acc7cff21124e13e4d9ffdd678b47c72ddb7ac58745d02c,0x29c64d058338754bc36f2f2c64efe91dc52027b7d90d420dd412c5ce23290480,2026-10-02T14:06:27Z,excluded_route,2.131442,2127092000000.000000,,right_censored,,,,,,,,,,,,,,,,unknown,false,unknown,unknown,unknown,0,attribution_unknown,
8453,1,6283366,0x27386a845f5a6073865b70e480c4d10adf84eaa577aac9bca6cab9b8f2d3209e,0x2c0906653beaf0efc10c0686bffedf48756c1af3a40712e322ddd071b1c84b05,2026-10-02T13:56:41Z,excluded_route,456.459734,456.069248,,right_censored,,,,,,,,,,,,,,,,unknown,false,unknown,unknown,unknown,0,attribution_unknown,
8453,1,6283321,0x4925d6ef6bad569ccb2947284def6aa1d7c11cb37e65db41acd410a23415a1c6,0x2c1ae50a04ab6779a8a6517310f50f829f2f087e90fc202969fef064dc865456,2026-10-02T13:46:53Z,excluded_route,3593322542.753019,3564571854.710515,,right_censored,,,,,,,,,,,,,,,,unknown,false,unknown,unknown,unknown,0,attribution_unknown,
8453,4663,6283409,0x47493c2cc220cdada94847f458766e963a46f3782d1f90d7acef34d56b7d2e7b,0x2dfcfd62af9ffb847ebde53ce721d49ace1fd70159b744c7cc224dea0c962789,2026-10-02T14:06:57Z,excluded_route,500.000000,499.687261,,right_censored,,,,,,,,,,,,,,,,unknown,false,unknown,unknown,unknown,0,attribution_unknown,
8453,1,6283378,0x769039d98dcebcc5eeb87b2aaa110faf65f57f756a6747b96bfcf5cf8c244280,0x2e7e7ac84f0e6fecd546392b1535970719effc28c0b4d615734881495206025f,2026-10-02T13:58:05Z,excluded_route,790000000.000000,691990835.242714,,right_censored,,,,,,,,,,,,,,,,unknown,false,unknown,unknown,unknown,0,attribution_unknown,
8453,480,6283377,0xade64d3df3087c6f0a062f98815b72d5660f08009588f986821aafcff658a82d,0x2e7e7ac84f0e6fecd546392b1535970719effc28c0b4d615734881495206025f,2026-10-02T13:58:05Z,excluded_route,1776894025.591773,1776122244.088713,,right_censored,,,,,,,,,,,,,,,,unknown,false,unknown,unknown,unknown,0,attribution_unknown,
8453,5042,6283276,0xd4c4159f8890feada3aa2c8d4e567d33efe1860b164b73b1c787bb27acb9a1fb,0x3028195dc097a7f188577cb0408f80d1881ccba3895ae16858b88ccfad9a99a3,2026-10-02T13:35:43Z,excluded_route,0.516554,0.510891,,right_censored,,,,,,,,,,,,,,,,unknown,false,unknown,unknown,unknown,0,attribution_unknown,
8453,1,6283323,0x94cdfc00d580733b7997b04d63a667ba008db56e17dd2c2fe70b4aa3ec65c7ae,0x3087e86f524f64a4c8f5b59bb830912f31202fa9ecb7a7fd273f44476eadef09,2026-10-02T13:47:15Z,excluded_route,4067965434.256591,4039094176.604976,,right_censored,,,,,,,,,,,,,,,,unknown,false,unknown,unknown,unknown,0,attribution_unknown,
8453,42161,66389097873434183486228633331481223655612932513412385727500124134685021183853,0x488d3dc808b064b868ea621f671d309e3eb2c06a4c822817b73d1e2b16b3299b,0x32173a24dd7fe07f6383bbafe1396a8abe842a63e5c6cb3076396c64d3988edd,2026-10-02T12:55:13Z,eligible_original_empty_terms,10.000000,10.000000,0.000000,fill_unknown,,,,,,,,,,,,,,,,unknown,false,unknown,unknown,unknown,0,attribution_unknown,
8453,4663,6283361,0x968d9159be45cc074bd9857cdbc79ef66020b4396eae871ddf220b9894dd8276,0x3348991d424470461e88d329dde4dbe36aef77c3a10090588ea345eb1721dbaa,2026-10-02T13:55:53Z,excluded_route,61.754875,61.705030,,right_censored,,,,,,,,,,,,,,,,unknown,false,unknown,unknown,unknown,0,attribution_unknown,
8453,1,6283295,0x38c8b4c67ac1e2c04621addbba96ef80db20ec2548dab792c78f72ac33251757,0x33758c28777cd4faaae9566fe8148a793a2e6e255fd65c67c3da28468ec21ff5,2026-10-02T13:40:03Z,excluded_route,87214066012.333160,87132545671.067256,,right_censored,,,,,,,,,,,,,,,,unknown,false,unknown,unknown,unknown,0,attribution_unknown,
8453,9745,72241883793072369192479440728903047617409334474507712600350877598363622892716,0x2903ac8c97be09f89a21b3b8ad0c0f4ecc92b670a5c7d4c5103451ef10555f23,0x3386b51a42e8a1c441fc4c4ffd080325a9233ade03ee1f148efea8a96bdcdd1d,2026-10-02T13:37:29Z,excluded_route,25.000000,25.000000,,fill_unknown,,,,,,,,,,,,,,,,unknown,false,unknown,unknown,unknown,0,attribution_unknown,
8453,5042,6283248,0x655fddfde60f95b44963042f7d4b05e22bdaa32f5823640b38996c952fc2d631,0x339452d6d20888157f67cc04b9387f8612d267918087c90673fae795deeb4b9a,2026-10-02T13:26:09Z,excluded_route,0.997500,0.994391,,right_censored,,,,,,,,,,,,,,,,unknown,false,unknown,unknown,unknown,0,attribution_unknown,
8453,42161,37650177313526001778012577875431635684677797936630221507340987545648419660041,0xae6667c23488e0ec1bdef93c00abbab22225b56f39d84b720eed03aa65cb9225,0x35eea26440fac3a8dffe8a48294f2a5c47fac8f22c3dacc6d0fad452cf3fbaa5,2026-10-02T13:15:13Z,eligible_original_empty_terms,10.000000,10.000000,0.000000,fill_unknown,,,,,,,,,,,,,,,,unknown,false,unknown,unknown,unknown,0,attribution_unknown,
8453,1,6283171,0x2822b27b6f3f6a4dc89659b912538beb1cffb36c44242942a53d6aa411827cee,0x3657857fc93984033423299a5757ad354e8a50a637885a4f3c0d3a4bbdf4aa74,2026-10-02T13:05:29Z,excluded_route,637141510810.698905,636890017249.496667,,fill_unknown,,,,,,,,,,,,,,,,unknown,false,unknown,unknown,unknown,0,attribution_unknown,
8453,4663,6283167,0x203cd7a6f8a6cc3e526af0b3f4072d0370aecafed9809fbef73b2a028acdee87,0x37994b9d2a881774c2d1778db8fc67356cffb97ba26702bf03142791b0674458,2026-10-02T13:03:27Z,excluded_route,2715482186.319188,2690569197.918449,,right_censored,,,,,,,,,,,,,,,,unknown,false,unknown,unknown,unknown,0,attribution_unknown,
8453,1,6283138,0x98d143f792da065bc8fa0d391af416c5ba89808bcbd2274a6a470fb005af97ef,0x381862ecac7e52dd7c573503296ff7de32646069f8e86243d1cb743643662367,2026-10-02T12:53:55Z,excluded_route,26694769353.578500,26562423625.423635,,right_censored,,,,,,,,,,,,,,,,unknown,false,unknown,unknown,unknown,0,attribution_unknown,
8453,4663,6283191,0xab3563cc4cad6d16f3dd6973dc48a359486814099c9251b0242e1d2eb05f1926,0x387ba2df36a289948e4c09a22ec5d1fb220ce226a7c65754c00225b745abc5a0,2026-10-02T13:09:55Z,excluded_route,535724192308.181508,535590658276.904372,,right_censored,,,,,,,,,,,,,,,,unknown,false,unknown,unknown,unknown,0,attribution_unknown,
8453,42161,31436529200581405295354902920550497415063884251978704364694340680901424866979,0x14f9eb2c4556f9e83ae35d4d614292b7476ba2b20da09b11690bc485f7574d38,0x38fd2ec1ee459afa35da5033802a99cf24bd3da9f65262b5179c6f689fa4bb5a,2026-10-02T13:10:07Z,eligible_original_empty_terms,10.000000,10.000000,0.000000,fill_unknown,,,,,,,,,,,,,,,,unknown,false,unknown,unknown,unknown,0,attribution_unknown,
8453,130,6283407,0xd5193430b4df7b1fd9d75ca5b0bb0649fd472366301c73fff22a1ac28aeb3ddb,0x3a0a48d0611683e151bcd8317359b8482d6d561d288c2f48d657d671e20e9d44,2026-10-02T14:06:21Z,excluded_route,740927415.031386,740525921.414425,,right_censored,,,,,,,,,,,,,,,,unknown,false,unknown,unknown,unknown,0,attribution_unknown,
8453,4663,6283401,0xd7443e3d4008bb5cebc4fdee35f22ac92b5106320ade11c9b87b74c58ec1ce25,0x3b9aa757b904bf6fa85e6bd44953fed4efaefef4e905bb03bd94db2f6be2ee17,2026-10-02T14:02:33Z,excluded_route,5945967856.251488,5937270270.193444,,right_censored,,,,,,,,,,,,,,,,unknown,false,unknown,unknown,unknown,0,attribution_unknown,
8453,42161,6283273,0xf58afb6991b8e874b0a3dbe50b3168c7de138d1ca71a0fe5743f3745d47d098a,0x3ce0259c99d37437002a54c003ece56d9a0a062522f56834367d9d4b6e4cba59,2026-10-02T13:34:23Z,excluded_message,102.598733,102.570860,,right_censored,,,,,,,,,,,,,,,,unknown,false,unknown,unknown,unknown,0,attribution_unknown,
8453,1,6283355,0x09b80a17a9725a82aa131259db75a5e13698c750e24f1be955ca0a096d83e5b1,0x3ec2c48ee4b2ef23568d6fc3ef1d1201b038d8c35f2a6b8d6473b1027b4456a5,2026-10-02T13:54:43Z,excluded_route,46868461453.587223,46764258102.758500,,right_censored,,,,,,,,,,,,,,,,unknown,false,unknown,unknown,unknown,0,attribution_unknown,
8453,4663,6283394,0xbaca2d576f18aed634b9e518a48a19616f90da3be1d6a75293e8d8d845895b7b,0x3f7e4025b313c5a83f7c286b8b67c276c7343c4c1a2e107b10d1c9ffd6b83121,2026-10-02T14:00:31Z,excluded_route,999.000000,998.387990,,right_censored,,,,,,,,,,,,,,2026-10-02T14:00:35.573073Z,4573,unknown,false,unknown,unknown,unknown,0,attribution_unknown,
8453,10,6283376,0xa0da10dee5f8a238a1b7369f086f982527f7b3b38c53de9421fbf6b9ba000569,0x407201f0d71715d4dc59cc8314b3b2a1208db95f1cb829c206b1c48eb94e2043,2026-10-02T13:58:03Z,excluded_route,9912500.000000,9749540.199077,,right_censored,,,,,,,,,,,,,,,,unknown,false,unknown,unknown,unknown,0,attribution_unknown,
8453,4663,6283164,0xeccad2017948a22ba60df3e66e6e9720074141107755bb8c7ba3f668e5be0572,0x412c9eeeeb3f2371bcea7adea2ddcea3e5540fa592da4feaaaf9db6101e491b0,2026-10-02T13:02:51Z,excluded_route,10869253300.758134,10859304614.228940,,right_censored,,,,,,,,,,,,,,,,unknown,false,unknown,unknown,unknown,0,attribution_unknown,
8453,1,6283351,0x8b9545107756294cf143168621c0005e907f0c401150e42f92117c6850cad83b,0x4210f373671834364661a936a05dc9a250fa192bcb15248ee9aa3e2f0d224c88,2026-10-02T13:52:57Z,excluded_route,106808226417.632789,106701512854.496261,,right_censored,,,,,,,,,,,,,,,,unknown,false,unknown,unknown,unknown,0,attribution_unknown,
8453,4663,6283365,0x22826700b2b593fa12a56ffb4c331e513fd1266366e783ed4d94cbd61eb82b4e,0x431ddfd5770e8d3e67563fd733bca0c22939d11e24fc09086c8483928641ec55,2026-10-02T13:56:37Z,excluded_route,2887644113.889307,2879721224.187329,,right_censored,,,,,,,,,,,,,,,,unknown,false,unknown,unknown,unknown,0,attribution_unknown,
8453,56,6283389,0x31fc062a73ca6c87cfa9618d50ec47a98041182fbbfb35bf9c4b2ffae292ad9b,0x4631d512bfdb00eca18173b1d7a43df8329eebc03907c05fce19249b8dfdd420,2026-10-02T13:59:47Z,excluded_route,77.106750,77094907000000.000000,,right_censored,,,,,,,,,,,,,,,,unknown,false,unknown,unknown,unknown,0,attribution_unknown,
8453,42161,6283211,0x7a5af51bf08c495d9b8cdd2eba40ee1b653c2b49a5cfed4950a48282884a2914,0x4807b54a585ce1f5b8beecaf3994877e3e5e160c1c70f481e2a4fb66d2923951,2026-10-02T13:18:11Z,excluded_token_or_spoke,180647851.094421,175942467.652572,,right_censored,,,,,,,,,,,,,,,,unknown,false,unknown,unknown,unknown,0,attribution_unknown,
8453,1,6283309,0x047fe356d5c66a8bff180b337620b71021f335edda9174fbbe20d959f8a4ea66,0x495e448c0f1f8ef9abb0b19f55f72f32d158606df3428086d2c3a7120553dae9,2026-10-02T13:43:33Z,excluded_route,6758846500.000000,6655381954.079794,,right_censored,,,,,,,,,,,,,,,,unknown,false,unknown,unknown,unknown,0,attribution_unknown,
8453,1,6283130,0x5a2def415ca4ce65fca811c99f1cee8d69dd7dd950bc0f7869d2ac9b3743094e,0x4967580f1fed10021947f105cacdc741272f795a110cc7d830edfd6ad32e8c2c,2026-10-02T12:49:37Z,excluded_route,1215.164007,1214.816823,,fill_unknown,,,,,,,,,,,,,,,,unknown,false,unknown,unknown,unknown,0,attribution_unknown,
8453,1,113753246841869184046749505425382093924203181024396923545015532698658567946677,0x919060f6ebf7e864d40ee37c88785b6440abee9df63724b82f569d688f37bbeb,0x49fd3a333b85cf8b9a742163c39696b1469a40ba3d22a6ec423ed9caaff71a5f,2026-10-02T13:44:15Z,excluded_route,143605968318.162379,143038775232.772647,,right_censored,,,,,,,,,,,,,,,,unknown,false,unknown,unknown,unknown,0,attribution_unknown,
8453,9745,81788634016390124941776008714384266146858317663647161086897993742498664055813,0x0127aebbdd8181c9c57aaf3b8c351ea269f65e5a1cc7ddcaabdb75a7296accea,0x4a5f6deb8c7a9c8907ca76182bf203b5f0b01650b30c8a5d8ad8d1d7b07ffba1,2026-10-02T13:54:31Z,excluded_route,99.996488,99.996488,,fill_unknown,,,,,,,,,,,,,,,,unknown,false,unknown,unknown,unknown,0,attribution_unknown,
8453,42161,6283337,0x32cef8dd17978e34e7155c7f4f6a765d0224848bdfa6d44a7b9bf244fcd8ad79,0x4b61b382d9419f7af45e77de1b91d43ef2854243bc0b50b75004fc11b68223cf,2026-10-02T13:50:05Z,excluded_token_or_spoke,10915626738.913557,10908328733.666379,,filled,2026-10-02T13:50:05Z,0,10908328733.666379,,42161,0xcff39d6490abeea7a419f17f29df0be7fcf7d407dad31be923c7f54509edc285,0xcced5f4830e25d5ef5ba46e53c11f8eb8f994af5bafb91eb4c005f6f9fb62782,8453,0x000000000000000000000000394311a6aaa0d8e3411d8b62de4578d41322d1bd,,,,whole_transaction_shared_do_not_sum_orders,,,unknown,false,unknown,unknown,unknown,0,attribution_unknown,
8453,9745,52809708488219487546000731112362748053525765812176468142441480571433956846553,0x492f651cf43bb1f266e93d1674acc97b41c8a36d4e89bfbd1e914d1b9d3a7bf9,0x4dd911ff66702d56a32b858d1c26d2e0cac7b1e259293a81b0719baabb7a329d,2026-10-02T13:08:01Z,excluded_route,15.000000,15.000000,,fill_unknown,,,,,,,,,,,,,,,,unknown,false,unknown,unknown,unknown,0,attribution_unknown,
8453,1,6283279,0x3c0d99358fb35ccc6549395f9e5e0b2dcb9a7a15d0034c944093e12b0d833c65,0x4f7b37d384224dce216b11cbf93794e805673597fca359baed4b9ccbe4a33f08,2026-10-02T13:36:35Z,excluded_route,163058642673.628181,162964141238.629271,,right_censored,,,,,,,,,,,,,,,,unknown,false,unknown,unknown,unknown,0,attribution_unknown,
8453,1,6283266,0x41d340219f285e521ea8aa282b8f51e9832c9a6aa480daadc3ed0f408bffe303,0x4f8d7b421ed44e75bf3ab5c338e439a4db68b851927ccfcfd7f7a1abb21b0402,2026-10-02T13:32:23Z,excluded_route,250876620100.707787,250759207501.646349,,right_censored,,,,,,,,,,,,,,,,unknown,false,unknown,unknown,unknown,0,attribution_unknown,
8453,4663,6283398,0xfe990e569b25cbab168c62da1fd5cedf2520ad97bb459ffb57d258e22984006c,0x4fbbc518a126687d3ccac21045b7bb3aaaa0bee64b1342ddb2f167d508937617,2026-10-02T14:01:43Z,excluded_route,5102871811.028710,5094373323.550091,,right_censored,,,,,,,,,,,,,,2026-10-02T14:01:46.166755Z,3166,unknown,false,unknown,unknown,unknown,0,attribution_unknown,
8453,1,6283287,0x4d6d4dc36696d448119b18f9dd28dfac18cc286865e5c18b69f0c6e82e3550a6,0x50f8559cad82061301075d24db4e7bec2c712863f5b8c9da4e3b3f6f66ccd9a1,2026-10-02T13:38:27Z,excluded_route,91970000000.000000,91879794207.211242,,right_censored,,,,,,,,,,,,,,,,unknown,false,unknown,unknown,unknown,0,attribution_unknown,
8453,1,6283288,0xd6407398e81554de34034ec51f5f36e7e1b92869b924dd23b192177101cb392b,0x50f8559cad82061301075d24db4e7bec2c712863f5b8c9da4e3b3f6f66ccd9a1,2026-10-02T13:38:27Z,excluded_route,41058534369.051304,40983934829.393849,,right_censored,,,,,,,,,,,,,,,,unknown,false,unknown,unknown,unknown,0,attribution_unknown,
8453,9745,112223137407717607506536302697424233256876692217506372947052976831575227919599,0xd7c9b7ca189540ff20b21cabf7a8bdaa1574da2bde6c29f4daa2d025f8260231,0x51334e9057538f78c0b21832523b29254ae03e5fb3133aa246547b667f1af75a,2026-10-02T12:47:59Z,excluded_route,124.611954,124.611954,,fill_unknown,,,,,,,,,,,,,,,,unknown,false,unknown,unknown,unknown,0,attribution_unknown,
8453,56,81734841442165609200286886035946270411046757055511369307816106488929477218233,0x3860076eb9ac79e9da39e534b59160e7944b41be2e099815f51597d74bb41188,0x51ddd1bec769baf14defb89b8bd289199439f02f53f542a3d684edc51e0bb708,2026-10-02T13:08:43Z,excluded_route,6867.450000,6866909331026715.677708,,fill_unknown,,,,,,,,,,,,,,,,unknown,false,unknown,unknown,unknown,0,attribution_unknown,
8453,1,6283159,0xa891fb106e14407d023a9b21551a9081cb69295943b9855f6217e7625d1d9854,0x51fdb8a3cd5ad6819b9ea12f41b1fff026f01999b5ddffe010ddac0b42e32163,2026-10-02T13:00:23Z,excluded_route,48000000000.000000,47858596710.321938,,right_censored,,,,,,,,,,,,,,,,unknown,false,unknown,unknown,unknown,0,attribution_unknown,
8453,1,6283228,0x0b59c0a2a849cd8fc291b490195688f26be26c4345969e5bbd99c4d532e480ca,0x520072ee594c039941a808bcd6b56212f9303b363fee04c13ae00b0bb3a93d7e,2026-10-02T13:21:13Z,excluded_route,99.115571,98.987999,,right_censored,,,,,,,,,,,,,,,,unknown,false,unknown,unknown,unknown,0,attribution_unknown,
8453,57073,6283263,0x52a2996ca4de337a292fae9bf2bb06996eeb6426ca8a012800e375f3034389c6,0x5231f7ad64e7280862dfc45fbec882a4dfefc4f91d1a93229441090a9f01d7aa,2026-10-02T13:31:35Z,excluded_route,617209657.479457,616901807.389156,,right_censored,,,,,,,,,,,,,,,,unknown,false,unknown,unknown,unknown,0,attribution_unknown,
8453,57073,6283219,0xeda80692a1a409458a1ad6d541eb71afcebdf0defed27fbd33c2ed6f4b7c6c10,0x5285eb38f686ba3abbc4dc95f959f247fe15f2602fe6c906cc0b0a579491998e,2026-10-02T13:19:01Z,excluded_route,55.000000,54.994175,,right_censored,,,,,,,,,,,,,,,,unknown,false,unknown,unknown,unknown,0,attribution_unknown,
8453,137,6283320,0xc7f37ac5e34c0abbeca363d0037aab6c93ee5ac660da26e5291cbc3ed1298448,0x5313c257dee1e52a5b37cef8b23fbd39c0f3b577d27084ddd4c6dbf5983b691d,2026-10-02T13:46:39Z,excluded_route,2950.000000,2949.696075,,right_censored,,,,,,,,,,,,,,,,unknown,false,unknown,unknown,unknown,0,attribution_unknown,
8453,4663,6283132,0x0a1dd462ca4fb0950f627e7c5d5271393c547cc1f9fe3dd8084d0a9f9745eb3a,0x53e8474702c0da606d3b886a88514b2dd90966af2e049f746533124cbae179a3,2026-10-02T12:51:05Z,excluded_route,2378283754.079712,2368667178.926447,,right_censored,,,,,,,,,,,,,,,,unknown,false,unknown,unknown,unknown,0,attribution_unknown,
8453,42161,36477536633201736898538953846744504645308589982627441796909514229838077635340,0xa2a79e5a561e1be5f007854571c9a1f2a4a5ebdb39755bb74f318c83ba382ed0,0x53e9b22cd7326b287affa912be759c22d6fe823d20e15204aeb63c35b6e0411d,2026-10-02T13:55:11Z,eligible_original_empty_terms,10.000000,10.000000,0.000000,prefill_possible_or_clock_order_inversion,2026-10-02T13:55:10Z,0,10.000000,0.000000,42161,0x9a19fa84743afbfe2c0b3cd51ed04498b4e89c16571030eb87ff6594cefa9e9c,0x24c879a62f77eeb49b84415acaa126fc474c3e0c11275adec7eab49c7b3ae021,8453,0x000000000000000000000000fd03abcadaf3f930fa4e37eb2f6ea3a44a41b7f0,0xf2e3dcb8aebf306bf68f5de3b42ca49def7d14f8,6060039065808,true,whole_transaction_shared_do_not_sum_orders,,,unknown,false,unknown,unknown,unknown,0,attribution_unknown,
8453,56,6283237,0x4bbcf0b294d9b16a43a0acd830ebe8ae8fdc1b0648f9601832ba3fd0bb14c1e3,0x5428df7c4c0963ff5beaf22d1501d4609f4578cbe1e78871b59d851ffbe24143,2026-10-02T13:23:35Z,excluded_route,101.190396,101176144000000.000000,,right_censored,,,,,,,,,,,,,,,,unknown,false,unknown,unknown,unknown,0,attribution_unknown,
8453,56,6283286,0x85e1009c431681513c80f51f9459d09714e522b7138471ce8bc38a9351d62cd4,0x54aa7a0bbe2ef13f2e8e30ca8a62016da6433ec1988b14e17ce8644ddda0e447,2026-10-02T13:38:19Z,excluded_route,5.654666,5634524000000.000000,,right_censored,,,,,,,,,,,,,,,,unknown,false,unknown,unknown,unknown,0,attribution_unknown,
8453,4663,6283226,0xb521a211f2c2f315444eb500a248ffa940577f3fed6686ec19ffc4efcc696292,0x56b00fd5398f0770ceb85ea0cb2af4313a791fafdb3c6f8209cd6611d06df9c1,2026-10-02T13:21:07Z,excluded_route,315517221.233400,308316292.239643,,right_censored,,,,,,,,,,,,,,,,unknown,false,unknown,unknown,unknown,0,attribution_unknown,
8453,4663,6283339,0xc50ff307163030e16f245980f706156b44d4eb178de3bd5cf85ca69f09a367d3,0x5724ed7d52a4e5bb9ce99577d490aff5e1652cadbff45f260bfb2d38e137c1c8,2026-10-02T13:50:23Z,excluded_route,14.764475,14.742880,,right_censored,,,,,,,,,,,,,,,,unknown,false,unknown,unknown,unknown,0,attribution_unknown,
8453,1,6283362,0x9b32ae2dea0e4dfe761aa1c4961ba8aef9e21bfd1598fda6a207748c5b4260f9,0x5726ab7b8439f67403dd8cb37bc62f4f674ef05587cabf5e1011d74197f9a258,2026-10-02T13:56:09Z,excluded_route,20.000000,19.808682,,right_censored,,,,,,,,,,,,,,,,unknown,false,unknown,unknown,unknown,0,attribution_unknown,
8453,1,6283179,0xf67970a473201766b90446fafdcf600241228b409a2f262b0ea988dfa611cb3b,0x5815c5c5ce73e353a56c32275abfbb65049e8d7d359d977c06a8132277d03735,2026-10-02T13:07:27Z,excluded_route,9.903025,9.682722,,right_censored,,,,,,,,,,,,,,,,unknown,false,unknown,unknown,unknown,0,attribution_unknown,
8453,4663,6283249,0xfb505c75aed0133f7d04dd8065ea2bb3e2394a69b1b964f1fdfeaa4e48538b71,0x5a6a95b61f7c292e47b4c4eeeb6839113bdb645b9b657fa7e7534da636c42895,2026-10-02T13:26:29Z,excluded_route,10000000000.000000,9990360897.506412,,right_censored,,,,,,,,,,,,,,,,unknown,false,unknown,unknown,unknown,0,attribution_unknown,
8453,4663,6283280,0x0e63550f21d4d21c9d69411360db19445dc929337f9f30082e87ae7994f50928,0x5ab6eb70a8581512fe71fa534367bcf1ba0bb3f01b27f4a405b7663bff64cdb2,2026-10-02T13:36:39Z,excluded_route,16762878350.746005,16751293781.252197,,right_censored,,,,,,,,,,,,,,,,unknown,false,unknown,unknown,unknown,0,attribution_unknown,
8453,4663,6283330,0x02712b51426834a90a062df25cc9ca7e44a0a3b5738db15b2313f15d2a6d1249,0x5b2a58aeef2c6a5cf5e515cf8d734bb6e132a162751dbff2056bba76cb09e311,2026-10-02T13:48:43Z,excluded_route,34044480424.779964,34028431986.954314,,right_censored,,,,,,,,,,,,,,,,unknown,false,unknown,unknown,unknown,0,attribution_unknown,
8453,480,114208518957331404867489269084340581720988803978900106440400764499086675862153,0xaad623d38ea1382deb2806197695cc9b2f3440c28bb368a04ff1a2b6752787b0,0x5ecf851628cc8e36c101ca10add38a87ce2d4d9556549197a921be121d67f545,2026-10-02T13:42:19Z,excluded_route,59000000000.000000,58994792944.028249,,right_censored,,,,,,,,,,,,,,,,unknown,false,unknown,unknown,unknown,0,attribution_unknown,
8453,10,6283303,0xb66c20ce436f6f4a4733198e3046c1622d0ab0f2b2f3f7bb4eebac8062c33870,0x5ecf851628cc8e36c101ca10add38a87ce2d4d9556549197a921be121d67f545,2026-10-02T13:42:19Z,excluded_route,19300000000.000000,19294965288.124898,,right_censored,,,,,,,,,,,,,,,,unknown,false,unknown,unknown,unknown,0,attribution_unknown,
8453,56,6283153,0xa750ab6e46abdf362d7cdebf0ed7751fdd7fb97064dc3376c3eac872033fec0a,0x5f16f7b7e79075039acc64a2d79156f46d1a9bb64cdb16e228a070a6a13b5625,2026-10-02T12:58:11Z,excluded_route,20.000000,19974032000000.000000,,right_censored,,,,,,,,,,,,,,,,unknown,false,unknown,unknown,unknown,0,attribution_unknown,
8453,4663,6283239,0x04bfe0e2a75ebca6fd7e9ab5bc9c3a78e8dc6411077b1644fe121fa386743e55,0x61cc42bdfc7ba650bb58ba318256ae3f6366aec96b701f280c6beed751e9d8ba,2026-10-02T13:23:45Z,excluded_route,101778456909.232837,101745956483.666653,,right_censored,,,,,,,,,,,,,,,,unknown,false,unknown,unknown,unknown,0,attribution_unknown,
8453,42161,97314931720552130634971789500351958706690758904928154654221748173236307825491,0xd702a57e4b37e21eb66f5bf97c99302aeb4e28f51fa7f5017ca7278aad15fd32,0x61e5e8fbfbcadb22682d78c982d2b3d41ed2e2f37c7940e2b0655b62c4de963f,2026-10-02T13:55:47Z,excluded_message,2.000000,1.968839,,filled,2026-10-02T13:55:47Z,0,1.968839,,42161,0xb5a18c9448b1401747f6f8840bb159cb8a7f2ae33429cc2abf5b0abe600a6007,0x5aba3a09da05644a6d4dfa60fdbcbf9ddf8ea27f820a69eeefc5a7be2a457d2f,8453,0x0000000000000000000000008ee8881b2c50fc31c91e053f1884c9218f4786da,0x8ee8881b2c50fc31c91e053f1884c9218f4786da,4409004036318,true,whole_transaction_shared_do_not_sum_orders,,,unknown,false,unknown,unknown,unknown,0,attribution_unknown,
8453,4663,6283291,0x16c95c6cc6f8465cce968c9af8945adc5947c8d1d35e916d107e9a801014b436,0x62651d70137f8149f126ece4b4ff8789fc9be1f3fa4df533d8407b897fbe4b82,2026-10-02T13:39:21Z,excluded_route,3579045531.540553,3570952482.139068,,right_censored,,,,,,,,,,,,,,,,unknown,false,unknown,unknown,unknown,0,attribution_unknown,
8453,1,6283319,0xc0a703f2ee26d202f33c9b86d4cb9ce536f6f9d8207ff3b8b6e0cd7cd3bd546c,0x62e8df9ade681b7e937805c411498ddd533c036bd09ace2973878ab7dd46896e,2026-10-02T13:46:35Z,excluded_route,5.000000,4.819037,,right_censored,,,,,,,,,,,,,,,,unknown,false,unknown,unknown,unknown,0,attribution_unknown,
8453,57073,6283210,0x946f5c39fa4eee072fe6e177e76c82edc4799c9f18d7ce77736ddbb3a173ad80,0x646a50bf3d3b085f59c63e84bd1bfb814bae6d7aea929a6eb34ad21e56e32145,2026-10-02T13:17:59Z,excluded_route,9998.226978,9997.226831,,right_censored,,,,,,,,,,,,,,,,unknown,false,unknown,unknown,unknown,0,attribution_unknown,
8453,10,6283360,0x4c88a074022504e063e03040729ec35357d3b5e4e14062f58df45eb5a18785a6,0x6545c2db8b59e42879ab57023cf6af13c80f88b84a305afc960614a93c94e170,2026-10-02T13:55:51Z,excluded_route,311937600.000000,311538607.212872,,right_censored,,,,,,,,,,,,,,,,unknown,false,unknown,unknown,unknown,0,attribution_unknown,
8453,1,6283340,0xfd6a78918600380ffcd3311bf55c7cf5d11c13810fa30165a2fae65cfb371f2b,0x66edb4fd11754f1b0e828d53fa2f48ff079543e3260b54afc31aa631a2308fc8,2026-10-02T13:50:33Z,excluded_route,1999.696208,1999.354063,,right_censored,,,,,,,,,,,,,,,,unknown,false,unknown,unknown,unknown,0,attribution_unknown,
8453,56,6283420,0x0b4ecff75bec7ed055db167775cd5e85e463d3a29dceb6a0fcbb272e959df918,0x67002085f55877e0a72ef6128da39a26c3f87fa948a87b9712e2dbba0d28291f,2026-10-02T14:10:39Z,excluded_route,1.612372,1600358029585.202011,,right_censored,,,,,,,,,,,,,,2026-10-02T14:10:43.495845Z,4495,unknown,false,unknown,unknown,unknown,0,attribution_unknown,
8453,4663,6283421,0x7146f2e5bf3fc2995bec9e1f0e662714155967b4da3fd0e9fe408e085779ed66,0x67002085f55877e0a72ef6128da39a26c3f87fa948a87b9712e2dbba0d28291f,2026-10-02T14:10:39Z,excluded_route,894265119.432938,885670797.321892,,right_censored,,,,,,,,,,,,,,2026-10-02T14:10:43.495862Z,4495,unknown,false,unknown,unknown,unknown,0,attribution_unknown,
8453,4217,6283261,0x75fc4c2d2666425844fc6a0ff4f458ea62c56d1b4a2595606dbcec78a471e175,0x6796a8cb4b6b0cf0b2ffb6664016f95833568de9526e40eaf1eb982beabf4fea,2026-10-02T13:31:15Z,excluded_route,5.200000,5.199170,,right_censored,,,,,,,,,,,,,,,,unknown,false,unknown,unknown,unknown,0,attribution_unknown,
8453,5042,6283151,0x711caa2f7be511c97bd0340f4e6fab6b29a1894ca529597dc8514f4243ff417b,0x67e9d5ce5c431b88a6917ad9a90e299a86e05ec942c7391c1cc7c03395075c3a,2026-10-02T12:57:45Z,excluded_route,1.928851,1.925648,,right_censored,,,,,,,,,,,,,,,,unknown,false,unknown,unknown,unknown,0,attribution_unknown,
8453,42161,46924777715830029126480750134553771130471036302797490717018899836377110563152,0x5a16137ed015923b8bf4d097d64866a70a8c43987a6e5d4c99aa31c4c3d1e9e4,0x680673c483b3b8293f758bd4143681d8fee6cda6307be968545c57ef6e920bdd,2026-10-02T13:40:07Z,eligible_original_empty_terms,10.000000,10.000000,0.000000,filled,2026-10-02T13:40:07Z,0,10.000000,0.000000,42161,0x5c4e6f4d65934141aad0df65413978bc32efe03b68976f696fbbc887b22595fa,0x36c24bd7c1813e1e9e6e65606398dfcf5311eaafa6cea35afb1dde6971dcca97,8453,0x000000000000000000000000fd03abcadaf3f930fa4e37eb2f6ea3a44a41b7f0,0xf2e3dcb8aebf306bf68f5de3b42ca49def7d14f8,5975583054792,true,whole_transaction_shared_do_not_sum_orders,,,unknown,false,unknown,unknown,unknown,0,attribution_unknown,
8453,4663,6283259,0x6323bea850c7663a594e22304e8d8fed26ff1e22bed3705b62dd73b157598be9,0x6a02bc453f575172ce65fa1e1a8cf3efe5efd0db8536c44ec6298ec7072313ea,2026-10-02T13:31:05Z,excluded_route,5485182429.139982,5476398846.175098,,right_censored,,,,,,,,,,,,,,,,unknown,false,unknown,unknown,unknown,0,attribution_unknown,
8453,1,6283396,0xa86042d35a3cfaf8ca4e40664323b8a71ec753f51e0ac3d6b2c289849dfd6c3b,0x6a8e32c6abda1f530f7a0227bd0d75573c070160c85f3873d01fdab6bc7b1a27,2026-10-02T14:00:47Z,excluded_route,665.852658,665.586247,,right_censored,,,,,,,,,,,,,,,,unknown,false,unknown,unknown,unknown,0,attribution_unknown,
8453,57073,6283225,0xe2f1faa38c29fe708c0bbb91fe22c4513f03cba78ac75a797f36ae58e6ac448a,0x6aca17f53ff40ed164b25cfd859650aeb0c83920b3acbd56c74fbe3364662523,2026-10-02T13:20:35Z,excluded_route,55.000000,54.994176,,right_censored,,,,,,,,,,,,,,,,unknown,false,unknown,unknown,unknown,0,attribution_unknown,
8453,4663,6283399,0x2d9b42d99a6e0bea3bea0f07c72d032d4579f84c3b8cd2b5dea067988dc5e32e,0x6b72febe3741c0ed31cab70f90b6a224418d289a25afde529f6aa0938f53335a,2026-10-02T14:01:45Z,excluded_route,991250000.000000,983794908.912309,,right_censored,,,,,,,,,,,,,,,,unknown,false,unknown,unknown,unknown,0,attribution_unknown,
8453,42161,6283202,0xe4c17c69231f5bc0109f93c1f9e8cca222fd078bad953d5c6793af1ec51da784,0x6cdf8e0a54b301643fb708147e104a20752a4f290c6eb06044e822d4763d8c06,2026-10-02T13:15:35Z,excluded_token_or_spoke,6.249041,6.218515,,right_censored,,,,,,,,,,,,,,,,unknown,false,unknown,unknown,unknown,0,attribution_unknown,
8453,1,6283121,0xb1ad5e51a5d2a9adf29ebb474779c6522d10074157ab6cae10db84019d3427cc,0x6d36e9e0ce36131980e23bf697cc338b439abbc94a09742083667b577a61d247,2026-10-02T12:47:31Z,excluded_route,106.063750,105.816311,,right_censored,,,,,,,,,,,,,,,,unknown,false,unknown,unknown,unknown,0,attribution_unknown,
8453,42161,22697320347970652184685357526574450736984767585295702319432782070316909154717,0x1f6a2284d5077ecdc4f8a1813cc879e2fa97da504e2bb5ae785e1d8c3ebe67ba,0x6df0a638265995f4888e1d07ad872a8c461d06277194215a59d4b3838daf833a,2026-10-02T13:05:59Z,excluded_message,3.000000,3.000000,,fill_unknown,,,,,,,,,,,,,,,,unknown,false,unknown,unknown,unknown,0,attribution_unknown,
8453,4663,6283140,0x19f4d307b129fc26601a2c543a717e7bcaab65a8c47ed9cd1634e4e0f670c070,0x6e712cc986e2cd52d70110b59f982b0cd5b133996ff09af8db9d433c6a440543,2026-10-02T12:54:05Z,excluded_route,7457835842.769805,7448823740.484930,,right_censored,,,,,,,,,,,,,,,,unknown,false,unknown,unknown,unknown,0,attribution_unknown,
8453,1,6283282,0xf51863f3c105d65a152ff2008cfb9048d682c21e914116cb4a5dfbc09b3db65a,0x707a33167c79928183c6ababf1fb51a5166b795d337f22d23d34965c02640b8a,2026-10-02T13:36:53Z,excluded_route,4087055864.623000,4026704947.170850,,right_censored,,,,,,,,,,,,,,,,unknown,false,unknown,unknown,unknown,0,attribution_unknown,
8453,1,6283240,0xc43b31bdcd08e9056d00176ab8f8cf2c45b52ea965445638b59fded31a6039f4,0x707ebb01729352990471eb7f5da1b4586726dead4aee37ada63da8b23e378749,2026-10-02T13:23:47Z,excluded_route,7122965754.475210,7067122466.180805,,right_censored,,,,,,,,,,,,,,,,unknown,false,unknown,unknown,unknown,0,attribution_unknown,
8453,4663,6283348,0x84d2d6ea0d563a5a085bf0c786624c1d13f8aab21db9f5dbf8e5d31dc3c40758,0x7094f959b501b56e403e1dd7f61cad9dfe8c5e5773027cba2ab1b03e36705cf2,2026-10-02T13:52:45Z,excluded_route,612091636.785736,601386130.959827,,right_censored,,,,,,,,,,,,,,,,unknown,false,unknown,unknown,unknown,0,attribution_unknown,
8453,42161,6283325,0xa006c1c49b746533808b1dab2b771cfa55ddd9987c0d177edcd891d339de6e59,0x709edb7447205ecd3ac5d8f1b2108fe1bd6f389ffa7833d4b11a2c6f61d8a563,2026-10-02T13:47:55Z,excluded_token_or_spoke,350000000.000000,345415614.831016,,filled,2026-10-02T13:47:55Z,0,345415614.831016,,42161,0x9b25319a9284e4cae2e4d71636f4c257b5dd4024b98a9d707bae29b28e10d005,0xb9e9c194b25b406a7842dd7e868e50b5c9b2fb80fa264c9a08c2434723b9e214,8453,0x000000000000000000000000394311a6aaa0d8e3411d8b62de4578d41322d1bd,,,,whole_transaction_shared_do_not_sum_orders,,,unknown,false,unknown,unknown,unknown,0,attribution_unknown,
8453,4663,6283371,0x788ee62f1d179bb5b4ef0f15642afc5c343a0a534c8ac8ad6a6516e2a0f40d58,0x74c8e51b1ded186b2f463b56d3b284411a08fd92df2d177c33f4ecd51ce40ae8,2026-10-02T13:56:55Z,excluded_route,80399473108.538833,80368844305.261908,,right_censored,,,,,,,,,,,,,,,,unknown,false,unknown,unknown,unknown,0,attribution_unknown,
8453,1,6283147,0xdde0104c5e7f1afbb307f80801053b1415322070ab3c23ab28a64b0c3cbe8b9d,0x7508e010fe43e395f6b3578ae835fddd43900472688c26706d49175712627b98,2026-10-02T12:56:53Z,excluded_route,26045485143.588248,25902819845.659336,,right_censored,,,,,,,,,,,,,,,,unknown,false,unknown,unknown,unknown,0,attribution_unknown,
8453,42161,101231450646999019872800489972311986698530828131759622909126978358465476706172,0xdaca3d257c926be01b05cbe34cc9b5d47c6c2ca3b8e2325791a537886a3a4c49,0x75abd31fe6a159af37a0356fa94452662f4da23da116b7e4917d9d7894be9938,2026-10-02T13:33:31Z,excluded_message,0.110569,0.084170,,right_censored,,,,,,,,,,,,,,,,unknown,false,unknown,unknown,unknown,0,attribution_unknown,
8453,56,6283338,0x66aba541461928b8d9237f39ab57e2949889b66004c975340b8019c2c3c6c10c,0x76f42eb8634943e3d6558c1fb8983b109b0e1a9d4cad5790c5e0bf619a849b56,2026-10-02T13:50:13Z,excluded_route,3.100000,3092634000000.000000,,right_censored,,,,,,,,,,,,,,,,unknown,false,unknown,unknown,unknown,0,attribution_unknown,
8453,57073,6283208,0x32cdf3a130ab69445cd318da4945af01addf3dc74273c6757f2975faeba94ea7,0x77626bf5917e76983ee427831165590c49b1a9fb7f780a4ddafe123153322d2a,2026-10-02T13:17:23Z,excluded_route,55.000000,54.994175,,right_censored,,,,,,,,,,,,,,,,unknown,false,unknown,unknown,unknown,0,attribution_unknown,
8453,5042,6283213,0x599f15b3ab4070d1eebae6da221ce0d3a7a58ac5c3c137ff37f71ee8e9bddac8,0x77ac57a055b6f49d558bcdc97e0f6bf7bef5949b7bc4ea9256692db959f9a4ca,2026-10-02T13:18:19Z,excluded_route,500.000000,499.946989,,right_censored,,,,,,,,,,,,,,,,unknown,false,unknown,unknown,unknown,0,attribution_unknown,
8453,4663,6283214,0x9e3c5fe17bb376eacf411b3e35f56eebcd5ca32207effdaa008751a2a3bd670b,0x77ac57a055b6f49d558bcdc97e0f6bf7bef5949b7bc4ea9256692db959f9a4ca,2026-10-02T13:18:19Z,excluded_route,8217108850.395512,8204778527.926343,,right_censored,,,,,,,,,,,,,,,,unknown,false,unknown,unknown,unknown,0,attribution_unknown,
8453,4663,6283244,0x1de1f96ab52e85382990525a30bd36e4d70a1552ed92ae06aa6b5457320c315a,0x77bb4c247765310898a612884688937a301fe5a692237f0d4f9272f112bab3ef,2026-10-02T13:25:41Z,excluded_route,2161361308.538782,2153728110.205424,,right_censored,,,,,,,,,,,,,,,,unknown,false,unknown,unknown,unknown,0,attribution_unknown,
8453,4663,6283217,0xa44f9e5804162f986d968c2bb0553479783a863550955e729c2f696d15e0e658,0x781e7a883f1dc030908370f741539204eac9b3bbedb992cbb257c4bb1d0d60bf,2026-10-02T13:18:39Z,excluded_route,730000000.000000,722722622.573565,,right_censored,,,,,,,,,,,,,,,,unknown,false,unknown,unknown,unknown,0,attribution_unknown,
8453,4663,6283335,0x87e5d324b083e6dcd4e28208752c04a0f38ad8599a71ddb5a3b685d47804b606,0x787c75c0f98bb3bc041fd70c49a67ff3c63c13396d11276875b1fb724a081d85,2026-10-02T13:49:43Z,excluded_route,105046345480.138708,105012889092.737999,,right_censored,,,,,,,,,,,,,,,,unknown,false,unknown,unknown,unknown,0,attribution_unknown,
8453,4663,6283372,0x08d79b8c5407363174c2b6046f11f9f79b2ea2b3d9906889f29a305e95682787,0x78ff983ed44ec9ce3ffb7bc357d8c67691147c28105950ede24c0b631ebc9b49,2026-10-02T13:57:01Z,excluded_route,26897782998.656048,26883715782.231672,,right_censored,,,,,,,,,,,,,,,,unknown,false,unknown,unknown,unknown,0,attribution_unknown,
8453,137,6283375,0x3b5f4ba7ca5da5313d110458d530cb0d64588a623d01e14d581ea1a20c5c77ed,0x7b48a773b5fe98e60eb3b8dd75758022d6589a2b2df62331fbb8519423c6c84e,2026-10-02T13:57:57Z,excluded_route,4497.750000,4497.291262,,right_censored,,,,,,,,,,,,,,,,unknown,false,unknown,unknown,unknown,0,attribution_unknown,
8453,1,6283254,0xc6b3a3b3901c8ff89b806cce3485b75e7893c366243beb1095d21c384822e178,0x7b92808ff0a7040f7cb06af9d0e4182da38c8556819f6180194c27b67401d693,2026-10-02T13:28:57Z,excluded_route,11.000000,10.894857,,right_censored,,,,,,,,,,,,,,,,unknown,false,unknown,unknown,unknown,0,attribution_unknown,
8453,4663,6283381,0xe60460956e3cacdb20098283f819146e964b254287b549a6a3dfd0a8187e97d3,0x7ca9143bea0ccd337829f859fc66f9561bed2dfc0f80960db96477b30f24d74e,2026-10-02T13:58:37Z,excluded_route,50000000000.000000,49979863564.044403,,right_censored,,,,,,,,,,,,,,,,unknown,false,unknown,unknown,unknown,0,attribution_unknown,
8453,4663,6283265,0xb3f8c6ec24fb51af8d7d09aa5352a0dae0176d33475e5c3e445bec385979f194,0x7cdfdc5b4e6770f4b5c65b4d185a4f82e39aadf7b3614031110424604eec23a6,2026-10-02T13:32:13Z,excluded_route,45000000000.000000,44981536709.101269,,right_censored,,,,,,,,,,,,,,,,unknown,false,unknown,unknown,unknown,0,attribution_unknown,
8453,9745,93674912345732407603312985038349636368333480354243215241992566061681383471551,0xc5d19176591276a0c171faf0045b8dd06baf8a9ea2728e812b5a8a1a4b3590af,0x7d01bd7fbdadb4a4114d9efd79d1234f3ec31d8749a3633ca93e723b3533b41c,2026-10-02T13:05:47Z,excluded_route,20.000000,20.000000,,fill_unknown,,,,,,,,,,,,,,,,unknown,false,unknown,unknown,unknown,0,attribution_unknown,
8453,1,6283246,0xedffe555296c26ce731e663677a3273e98f82ddc0d5cbdfcfa9e6735e410b5c5,0x7d7c8fab7e04278761110780d66f818f68c74150f1be874bf9e9348703924d0b,2026-10-02T13:25:59Z,excluded_route,1564130274.523584,1506344165.733905,,right_censored,,,,,,,,,,,,,,,,unknown,false,unknown,unknown,unknown,0,attribution_unknown,
8453,4663,6283234,0x61ac1b0075cf75abc03bf5c54da57449b7d51ee8b85b0038cd0850dd83128311,0x7d829215cba77b735a1f7c8e6501dd88e53f99be398c306b701d6617ad932849,2026-10-02T13:22:49Z,excluded_route,1340774313480.429056,1340456705476.418930,,right_censored,,,,,,,,,,,,,,,,unknown,false,unknown,unknown,unknown,0,attribution_unknown,
8453,56,6283227,0x81f70fc4bde0f2168a6bc00b49d1de13b6ab3da5568ae996de3fdea1087e4167,0x7d8a09528a62e79437f332135378ef799e879e32cebf5d68321f83af93d5cc11,2026-10-02T13:21:11Z,excluded_route,347.928750,347889825000000.000000,,right_censored,,,,,,,,,,,,,,,,unknown,false,unknown,unknown,unknown,0,attribution_unknown,
8453,56,6283290,0x7a0228b804d43578dea1967ee51aa512db51696cf7d02e2e34bf9c56f1070a80,0x7edfa69380acd09f4fed3e755d04871f2a436cd50cad9ef1b16179869128086d,2026-10-02T13:39:01Z,excluded_route,1584.027508,1583863552000000.000000,,right_censored,,,,,,,,,,,,,,,,unknown,false,unknown,unknown,unknown,0,attribution_unknown,
8453,1,6283390,0xa8c2e87e85654facdb1005cda2e6117c4b9173f8fd2c0c933c0e430ed8a1e177,0x7f2142094081b6bad862c3ac24e75f0d9f88b0160db32bc9fc6d1d71acddcd47,2026-10-02T14:00:01Z,excluded_route,300.737662,299.494063,,right_censored,,,,,,,,,,,,,,,,unknown,false,unknown,unknown,unknown,0,attribution_unknown,
8453,42161,77584913283336931608801441088688581689082473854516646601407920300485562493375,0x0af76a9a4a45a2f03324c3d3134fd39fb51471003b4a04d0fecf617d34a9e186,0x7f4544b4f5810771e9cbaf2082599d50da0c1aa9fb12fb78a8da82060b40c0bf,2026-10-02T12:50:07Z,eligible_original_empty_terms,10.000000,10.000000,0.000000,fill_unknown,,,,,,,,,,,,,,,,unknown,false,unknown,unknown,unknown,0,attribution_unknown,
8453,1,6283418,0x11a8b1b64ed874d03a662821fc89e815836152425f6c9ce1f1653460d62687eb,0x801f3053849d41be06426eeb46dfa1767db45254f5336c39963eb7e5d39abd1c,2026-10-02T14:10:25Z,excluded_route,144.782500,144.500284,,right_censored,,,,,,,,,,,,,,,,unknown,false,unknown,unknown,unknown,0,attribution_unknown,
8453,42161,70939998845090262900934036232198940466146741039463661326133919144757182674986,0xec34e74a6b33d103007fd493883a676a844b000f7744df13f1152727a498e753,0x8020d0ba14bbc161b20fabe4ea3b4202bbb6c5c7292a703693bcddf56a6c7be7,2026-10-02T12:48:55Z,excluded_message,34.202592,34.134984,,fill_unknown,,,,,,,,,,,,,,,,unknown,false,unknown,unknown,unknown,0,attribution_unknown,
8453,4663,6283176,0x9d11710a0cfead422ab7eff35f25035d22a1b195ac9e940344807ab7f2513814,0x8054a8c9ea93cba47337a580eaff194645d76c795ceac21ce7de03e57020c916,2026-10-02T13:06:59Z,excluded_route,479677473.441058,472435742.448461,,right_censored,,,,,,,,,,,,,,,,unknown,false,unknown,unknown,unknown,0,attribution_unknown,
8453,4663,6283333,0xea7cb1f06b676916a944cd638ba1d2e8427d530783f81d006d7dddfc3b7a47fd,0x80924dc5de2baead27c472b9fb9230f6856031adccd7bca3aa3515f5a1dda98a,2026-10-02T13:49:25Z,excluded_route,991250000.000000,983805537.528433,,right_censored,,,,,,,,,,,,,,,,unknown,false,unknown,unknown,unknown,0,attribution_unknown,
8453,480,6283334,0x16e5747ca6c2e7fe004784576397d300244639bc1c05f59caa52e9cbf032b02d,0x80924dc5de2baead27c472b9fb9230f6856031adccd7bca3aa3515f5a1dda98a,2026-10-02T13:49:25Z,excluded_route,1801419934.476203,1800654345.425640,,right_censored,,,,,,,,,,,,,,,,unknown,false,unknown,unknown,unknown,0,attribution_unknown,
8453,56,6283277,0xfab58ff86c36dec12579b9c971e789cf5e2ae1129d0c029274bcccb38e3812fc,0x80a1883d43f13f6e7b28d3a88dd50995db3d1579cfcb094493ce60e62f58dad8,2026-10-02T13:36:01Z,excluded_route,2.123886,2119501149137.800656,,right_censored,,,,,,,,,,,,,,,,unknown,false,unknown,unknown,unknown,0,attribution_unknown,
8453,56,6283388,0xa931a1b89f30a59b2f4c407d0243bae99ed4d70b6db5880bcc28fcb7610490c0,0x812062865a763486c9f60f3b66defefbb4aa73be02efe7f87912bf4947573d2f,2026-10-02T13:59:39Z,excluded_route,639.190784,639122732802104.376000,,right_censored,,,,,,,,,,,,,,,,unknown,false,unknown,unknown,unknown,0,attribution_unknown,
8453,56,6283173,0x03c8f0a04c58238f0505831ac0f9896beb7cff0be76be0887a866ab18441abd4,0x814160387344088ab8ca02a28199e52114ece63e92bd62ccc03c63f4fd417a8a,2026-10-02T13:06:03Z,excluded_route,22.000000,21973758000000.000000,,right_censored,,,,,,,,,,,,,,,,unknown,false,unknown,unknown,unknown,0,attribution_unknown,
8453,4663,6283281,0x3b0c50a38336b79018ffbd09e6c769928edf01145327fa582e40591d20922028,0x81784f1dba19784ff637d3ce67ec6e65008c52216f2ff0e29a41593dbb3a2baa,2026-10-02T13:36:47Z,excluded_route,30000000000.000000,29985033382.847452,,right_censored,,,,,,,,,,,,,,,,unknown,false,unknown,unknown,unknown,0,attribution_unknown,
8453,42161,6283268,0x2865d136f654b6ca0d1c7350e88a54134e6588e6f24ab0dc56742162a4701361,0x824bd2fec3ac71e99f818a577711ea2518a6324ea7f9c9b069eeab53c0e8487b,2026-10-02T13:32:53Z,eligible_original_empty_terms,350.473500,350.430275,0.043225,right_censored,,,,,,,,,,,,,,,,unknown,false,unknown,unknown,unknown,0,attribution_unknown,
8453,1,6283180,0x07bb018d7078b502fc887e3976354814ad29953f4cdad1e1e1911f7db2752605,0x829dbc10ea7e4a8fdbcb334fa31901044a16e823f38aa7fd052c54a48a9034cd,2026-10-02T13:07:33Z,excluded_route,357632402415.253364,357437793433.761639,,right_censored,,,,,,,,,,,,,,,,unknown,false,unknown,unknown,unknown,0,attribution_unknown,
8453,42161,6283257,0x7ce50f90326315a60896eb057b604cb68eb6e4bde20e996531e2f0296f83acbf,0x83815dd9b105815f29db57925f2816e9d3c4cfb6f197d5af029b260a1be396ae,2026-10-02T13:29:55Z,excluded_token_or_spoke,7271879629.941955,7265428386.477136,,right_censored,,,,,,,,,,,,,,,,unknown,false,unknown,unknown,unknown,0,attribution_unknown,
8453,42161,40210279914993930921756009394098272052782315592982999013891235327022561515298,0x44df0d0e5a8182ed04bbb9ba919ebd6fa62427165d2af61129c8337a091b7c51,0x83ba0a6d10a3584c6ae0af21ff3bee612c00e5d40cc4032248f1b540b0476305,2026-10-02T13:00:09Z,eligible_original_empty_terms,10.000000,10.000000,0.000000,prefill_possible_or_clock_order_inversion,2026-10-02T13:00:08Z,0,10.000000,0.000000,42161,0xca793264748e8c7d542b45de258c076cace01a1e9b7c421e3c40751b5095f3cf,0x5b1cd6eef5cc525bb554d91dfcee1f30e5cdcdaa224d9672f1c697dedd56c8e5,8453,0x000000000000000000000000fd03abcadaf3f930fa4e37eb2f6ea3a44a41b7f0,0xf2e3dcb8aebf306bf68f5de3b42ca49def7d14f8,6106065347520,true,whole_transaction_shared_do_not_sum_orders,,,unknown,false,unknown,unknown,unknown,0,attribution_unknown,
8453,10,6283274,0x99913c4dd62a570cecd4319cc70cafc4cdc9b3aa187e7f1cbd99eec1d25fcd6b,0x842866cfe4ba3ec1b28aab80a9a06295716f4e190ccf4ace10175a78cf9be621,2026-10-02T13:34:45Z,excluded_route,240111870867.462544,240053194987.875459,,right_censored,,,,,,,,,,,,,,,,unknown,false,unknown,unknown,unknown,0,attribution_unknown,
8453,4663,6283302,0xe530f14df1ec6b7e25365cd4e289ad08542e7c85903549a8344292884fc66deb,0x860024bd2888a1ac1acaa3d3de1060571f576364a52bc4a928ba1ee1ba275945,2026-10-02T13:42:15Z,excluded_route,10857011196.339481,10847059446.447200,,right_censored,,,,,,,,,,,,,,,,unknown,false,unknown,unknown,unknown,0,attribution_unknown,
8453,4663,6283336,0x846836e83e87198b495ff2675bee6494d5d62cd31268aed9bf58b1e972935ddf,0x861a600a81120a0630c6f73e7967216780d5914e62fa4eae011f76a4ad4b64e6,2026-10-02T13:49:51Z,excluded_route,30000000000.000000,29985257053.826848,,right_censored,,,,,,,,,,,,,,,,unknown,false,unknown,unknown,unknown,0,attribution_unknown,
8453,1,6283207,0xdbc02e033bd64a06358a2a3502f30ea9e0d57bff6e76cbae426a5c4e6bd64cce,0x88133e3c6b42389549394949ac7ad9b348baa480aff50bdf7dd08714217996c6,2026-10-02T13:17:15Z,excluded_route,1770.134533,1769.820879,,right_censored,,,,,,,,,,,,,,,,unknown,false,unknown,unknown,unknown,0,attribution_unknown,
8453,4663,6283229,0x1085bbe73ae6fa6aac57a133cf1b19ea41a1a5e97b61e3ca0aefa5a92a913b9a,0x88325fe815c1ad9b40275e83b4f33e5b1af14a6ff8c338b4f6e3bcaf002083e1,2026-10-02T13:21:31Z,excluded_route,633503463.313734,626260226.765779,,right_censored,,,,,,,,,,,,,,,,unknown,false,unknown,unknown,unknown,0,attribution_unknown,
8453,4663,6283395,0x3ce035375ba2f6ef099d9317de291fb773528bc9012ee009ae3efd6dd9d8d86f,0x886e5820fa87cdea488ff7ea466e1a29f2b5c6d51231aba902c47fb3592934bb,2026-10-02T14:00:37Z,excluded_route,1823078008.060147,1815434484.652497,,right_censored,,,,,,,,,,,,,,,,unknown,false,unknown,unknown,unknown,0,attribution_unknown,
8453,1,6283327,0x3725d8e2dd77486a46942b37dae42a9b21a30e7fe1176ac57e01492445ad89f2,0x889dbbf6f6099bcd872545a6e0509ede52c25492849d32cd997bf280d212dae3,2026-10-02T13:48:33Z,excluded_route,80950000000.000000,80853100982.286112,,right_censored,,,,,,,,,,,,,,,,unknown,false,unknown,unknown,unknown,0,attribution_unknown,
8453,56,97474589401249466248435031748339454745187652912618096107072087830876793994665,0x257aee0f7df120bb529f829c4e4bd5a09680954f363b93e371994f6a09c3e3f5,0x89a8c908b41a446d0db25b1966d8a4b7e5cca58233ed44fd1044372b278ed1a7,2026-10-02T13:56:31Z,excluded_route,139.300000,139201098294819.290718,,right_censored,,,,,,,,,,,,,,,,unknown,false,unknown,unknown,unknown,0,attribution_unknown,
8453,56,6283324,0x865b03196d4ca2608662b44ac2b8a94bd154b4de882b6eed8c72ad04b0ec8e5f,0x8a49e4d337c6a9b147bf67c59c65426f87d8982e1a78389929fb85057927014b,2026-10-02T13:47:17Z,excluded_route,0.093810,86152350033.918015,,right_censored,,,,,,,,,,,,,,,,unknown,false,unknown,unknown,unknown,0,attribution_unknown,
8453,56,6283150,0xecfc2e2eb99d61628b745f56af9dc9a5d511213238bafbf1c9a960c3321f5536,0x8b559c3275c3cbc12b72b7af3ba573523a5732c3c6675551c3cbc4047afc1a3c,2026-10-02T12:57:39Z,excluded_route,4.715516,4698088570782.032775,,right_censored,,,,,,,,,,,,,,,,unknown,false,unknown,unknown,unknown,0,attribution_unknown,
8453,56,6283311,0x6e368e43d89dd24f7608b2edc2409b7d0e5998a34c6e8e8cb096488416ab1fc4,0x8c337db69d4d56c8f0585752cac3c00e0a7afa1854133a52af2722a83e4a8cae,2026-10-02T13:44:55Z,excluded_route,0.999601,989292836945.148523,,right_censored,,,,,,,,,,,,,,,,unknown,false,unknown,unknown,unknown,0,attribution_unknown,
8453,4663,6283313,0x519a40294e5e8542476755b9e3ce52ec893e28c0a21a27de5ed26a6f7c3c06cd,0x8d540d26738e0c9ec28d8a9ca05a2ee22d423d9b4d84a4a835a9f10f9fab07f2,2026-10-02T13:45:09Z,excluded_route,11659025993.096025,11648699866.077160,,right_censored,,,,,,,,,,,,,,,,unknown,false,unknown,unknown,unknown,0,attribution_unknown,
8453,4663,6283354,0x6f1ea8b25db7743fae85b3ca79462c8d98a9387b1fa5248c0e03f4ebd0e978e2,0x8dd4f7f6688c7a9486ae39912fc00510b41ec81d512a08fd4d8366a26f425152,2026-10-02T13:54:25Z,excluded_route,53784310000.000002,53763511340.789738,,right_censored,,,,,,,,,,,,,,,,unknown,false,unknown,unknown,unknown,0,attribution_unknown,
8453,1,6283137,0x0709a16fbe19b185d9d8210275f994c7eb0adae8cb7b0145712a70e3d44031f5,0x8ecb07bbd4ff3f3f0c0d4391c41c39632b27ad18fe3ad6666b89fbc42addfe16,2026-10-02T12:53:21Z,excluded_route,154648020546.862974,154495130737.211980,,right_censored,,,,,,,,,,,,,,,,unknown,false,unknown,unknown,unknown,0,attribution_unknown,
8453,4663,6283262,0x065a42d64941fe0fd0f2c58d615f669e9ed5d6270b2ae49a3f7e011a0205ed77,0x8ef336410d57142ae65f5d5ee1dd718b5ff6c257fe6bcba1b3078e7ad5650169,2026-10-02T13:31:27Z,excluded_route,63899419999.999998,63876038553.250856,,right_censored,,,,,,,,,,,,,,,,unknown,false,unknown,unknown,unknown,0,attribution_unknown,
8453,56,6283251,0x1ee2f6c403fa3350ab9d38c1b19907f126d2ff59f8fe1a4b9904a25b7d3eaed4,0x8ef49b99724f4afc77ffa45396666d74c956a7180dc7e4a1dbe4dfae55c9dcd2,2026-10-02T13:28:13Z,excluded_route,15157424942.598013,15144556981.333948,,right_censored,,,,,,,,,,,,,,,,unknown,false,unknown,unknown,unknown,0,attribution_unknown,
8453,4663,6283346,0xe328ec78c3842ab94a9a0377ad58e23be0ecb39c602e37e9096b8c527ecf2b42,0x8ffe81a482e68f8c954ed639f13860dddbd24c5433bd7c4d9e643e9cf4aa4162,2026-10-02T13:51:27Z,excluded_route,508.400000,508.082338,,right_censored,,,,,,,,,,,,,,,,unknown,false,unknown,unknown,unknown,0,attribution_unknown,
8453,42161,45447587686140697391104145692520174059026747821743981691259563085324308270520,0x5841610261eb7d40f163c223c9bad8d0f939e90c0bfd2b58350998380a3f2fb3,0x92348becae702ccd7be37be3ae545d56141e54481c7c9b61f836f3c7190db148,2026-10-02T13:30:07Z,eligible_original_empty_terms,10.000000,10.000000,0.000000,fill_unknown,,,,,,,,,,,,,,,,unknown,false,unknown,unknown,unknown,0,attribution_unknown,
8453,137,6283232,0x503c44813eea29766e22b420158537efd5d2dd1a339d84ee3ede55123d285b95,0x92d794329c7bf17c2ed0eeda01ac4afb61497458a600819cad210a7b5c327c8d,2026-10-02T13:21:51Z,excluded_route,11.313409,11.302793,,right_censored,,,,,,,,,,,,,,,,unknown,false,unknown,unknown,unknown,0,attribution_unknown,
8453,42161,6283241,0xdca84019ebc748dc198e900b85d26a7dfaeab8e5c71f331aa437645df8c24fda,0x93e8486d251127c9735e9508406846d02cd05efb9018e4b1c3cf5886036d4b70,2026-10-02T13:23:55Z,excluded_token_or_spoke,249250000.000000,244524763.717359,,right_censored,,,,,,,,,,,,,,,,unknown,false,unknown,unknown,unknown,0,attribution_unknown,
8453,1,6283242,0x1d43d368367558ad5e56805284a0bc75c1d16a79b1088b242d6ac64ea8b4747a,0x93e8486d251127c9735e9508406846d02cd05efb9018e4b1c3cf5886036d4b70,2026-10-02T13:23:55Z,excluded_route,3635240000.000000,3578581172.602716,,right_censored,,,,,,,,,,,,,,,,unknown,false,unknown,unknown,unknown,0,attribution_unknown,
8453,1,6283275,0xbfcd09ac126f739a9f8b5c202f92c90c139d5357a62668df6a3dc28f97a4258a,0x94827051588f49cdd93f01f91a328b6eedb1c248d2b0334958c4e9d8eefe909f,2026-10-02T13:35:33Z,excluded_route,167.446767,167.258762,,right_censored,,,,,,,,,,,,,,,,unknown,false,unknown,unknown,unknown,0,attribution_unknown,
8453,137,6283416,0xe323541daa69b7d8cca8f683ab962a06d3ce0a36acab1d851507ae1b787b0709,0x9659280d56b64a1ea3f197622156dfc14d0645efd929109f73903608562e132e,2026-10-02T14:10:03Z,excluded_route,5.000000,4.973453,,right_censored,,,,,,,,,,,,,,2026-10-02T14:10:07.530104Z,4530,unknown,false,unknown,unknown,unknown,0,attribution_unknown,
8453,4663,6283417,0x5603498c8ada1646878161d655caf30cee5e73d0ba6666d147020827029173bd,0x9659280d56b64a1ea3f197622156dfc14d0645efd929109f73903608562e132e,2026-10-02T14:10:03Z,excluded_route,20981798412.195538,20939236361.271079,,right_censored,,,,,,,,,,,,,,2026-10-02T14:10:07.530131Z,4530,unknown,false,unknown,unknown,unknown,0,attribution_unknown,
8453,56,6283129,0x74d557d9b970783a7e25a4250fe4d3a02e4195d8b61e607cb338bd6a32fc14ae,0x96773ba0a313cd53d34d60a693e1186bf6f6455b4f7787a284567c4bcfc5ccee,2026-10-02T12:48:51Z,excluded_route,4.094831,4079195000000.000000,,right_censored,,,,,,,,,,,,,,,,unknown,false,unknown,unknown,unknown,0,attribution_unknown,
8453,4663,6283316,0x92898ddf9ff77c50b06c6f8cc68f28b46615567e8c80927b4d410ffdda8f194f,0x98b125695d517644c1499f7394c3fc208f94ace27d506968a607aa66e8adbb44,2026-10-02T13:45:53Z,excluded_route,13837307888.562357,13826525777.527036,,right_censored,,,,,,,,,,,,,,,,unknown,false,unknown,unknown,unknown,0,attribution_unknown,
8453,56,6283317,0x0c29101dca13c95b0802ebd5f5bca216df9b0ef265dd0e8b9f80d215be538c3b,0x98b125695d517644c1499f7394c3fc208f94ace27d506968a607aa66e8adbb44,2026-10-02T13:45:53Z,excluded_route,0.753012,743417105161.311304,,right_censored,,,,,,,,,,,,,,,,unknown,false,unknown,unknown,unknown,0,attribution_unknown,
8453,1,6283221,0xbabb34558e0b4d0b02ba1b6bddcf3510c5b91187e52ab1127a2edc06dfb44ec4,0x98b8c199396a23807f8a774706cf5c3d894683b737723770ca002191b9339365,2026-10-02T13:19:37Z,excluded_route,99284316699.833364,99196102351.733348,,right_censored,,,,,,,,,,,,,,,,unknown,false,unknown,unknown,unknown,0,attribution_unknown,
8453,137,6283314,0xbb3d12034a3ac655ba62fd5a4430598acbc654450493392ebd6932c49a73a555,0x9a3ff11931160a3c05191c790026a9dd761220f1070fb014ad499585b2e0709c,2026-10-02T13:45:41Z,excluded_route,100.000000,99.981557,,right_censored,,,,,,,,,,,,,,,,unknown,false,unknown,unknown,unknown,0,attribution_unknown,
8453,5042,6283315,0x92f31f4d71738765a5b48e6eed62a6621ca07c3a5206d96e9bcf673b3f6649a3,0x9a3ff11931160a3c05191c790026a9dd761220f1070fb014ad499585b2e0709c,2026-10-02T13:45:41Z,excluded_route,552.403606,552.342752,,right_censored,,,,,,,,,,,,,,,,unknown,false,unknown,unknown,unknown,0,attribution_unknown,
8453,4663,6283412,0xd9135b1a7a09c5caab74200c88f3b6dbba58a790909ee22737a851892c85e149,0x9bba08ebbfb4fe56543ea26d415b42e19a023372d4d551f0cb6956c1491a4667,2026-10-02T14:08:47Z,excluded_route,52197597580.410657,52177199530.680745,,right_censored,,,,,,,,,,,,,,,,unknown,false,unknown,unknown,unknown,0,attribution_unknown,
8453,42161,6283260,0xf0865a01087d2dcf99225fba55534179277dde18485f421ce20e30fe8f5f11b6,0x9c5fcdbbff4da5944b79719eed13e43842d1ba89cbff0c92cab47cd7e2c487c0,2026-10-02T13:31:11Z,excluded_token_or_spoke,500000000.000000,495290671.181641,,right_censored,,,,,,,,,,,,,,,,unknown,false,unknown,unknown,unknown,0,attribution_unknown,
8453,56,6283306,0x3a2580e733e62b9d67e5caa1f69bc25c713c797e852919d86f202ce56ce22381,0x9c829905d644de6235817a6304e24c0b77ddc34feb3138e7c56779c1d758d74b,2026-10-02T13:42:59Z,excluded_route,10.041708,10032968000000.000000,,right_censored,,,,,,,,,,,,,,,,unknown,false,unknown,unknown,unknown,0,attribution_unknown,
8453,130,6283269,0x9e8913c454438fbee4ac4e508f79de5407071a3b6a0a15c3aba1e3d35b655ca0,0x9ca07c745256c457bf71e7276820b0e6876034c8f35d0c1839f08a5214c83054,2026-10-02T13:32:55Z,excluded_route,2605.411587,2605.147153,,right_censored,,,,,,,,,,,,,,,,unknown,false,unknown,unknown,unknown,0,attribution_unknown,
8453,1,6283186,0x64c966a8752653d246bef4026a13fec79cd9ea06629fee44107ed5c9372d043c,0x9cad61f34a63acd35449a861bad45d5b857b15771e7557611f34bf64480e261f,2026-10-02T13:08:47Z,excluded_route,51615765794.333702,51508742146.684140,,right_censored,,,,,,,,,,,,,,,,unknown,false,unknown,unknown,unknown,0,attribution_unknown,
8453,59144,6283267,0x7d245c067e2fc485a1231dee14547318c97625325ed5dfff2d422b4d3edd0366,0x9eb780d2b0b8b8afebdd77896924e85cc7062ece5daeb8eba49595a1acfc935b,2026-10-02T13:32:39Z,excluded_route,755621132.324231,745150893.919033,,right_censored,,,,,,,,,,,,,,,,unknown,false,unknown,unknown,unknown,0,attribution_unknown,
8453,4663,6283123,0x5c0619087d15f5fac0162267c4d0f6b6e5e0187d3e2c7f5d7aa4b558764a8e9b,0x9ee406e7b4d7a50a405541a65ac3fdb8bc7605c62ff69d0834c3776ecfc54200,2026-10-02T12:47:49Z,excluded_route,16119170280.827861,16106130125.189677,,right_censored,,,,,,,,,,,,,,,,unknown,false,unknown,unknown,unknown,0,attribution_unknown,
8453,1,6283400,0x48b6fb3c05af06ed17df424584b33fdbac713d4d0eb8eb9fd798ff5122a730a5,0xa00e85fd5e23212dbfb6e862e8a73ce8a628797e756c886b494d2b2f39e81e84,2026-10-02T14:02:21Z,excluded_route,5730000000.000000,5624554636.722629,,right_censored,,,,,,,,,,,,,,,,unknown,false,unknown,unknown,unknown,0,attribution_unknown,
8453,56,99292798362316856935746319374934133691225980499767277538958381203886358392519,0xb7b7705c688f462bce92462df30553840a53cdc356ee9fbaff7f123d82edb84e,0xa00e85fd5e23212dbfb6e862e8a73ce8a628797e756c886b494d2b2f39e81e84,2026-10-02T14:02:21Z,excluded_route,168.528219,168037681523143.079956,,right_censored,,,,,,,,,,,,,,,,unknown,false,unknown,unknown,unknown,0,attribution_unknown,
8453,4663,6283308,0x37d689f2dac955fa6f355d6e7a312872832b890cf3009f0c872275bad7fba9cd,0xa045f45fe587573e6198719077280ff29406631fdce4ee68ba9318c181955e2f,2026-10-02T13:43:21Z,excluded_route,1982500000.000000,1974862390.000672,,right_censored,,,,,,,,,,,,,,,,unknown,false,unknown,unknown,unknown,0,attribution_unknown,
8453,1,6283310,0x02ee1cc1dea74a3e89e0ae3fc27e9f9c989d714d0fdcaae5e9c48b8af3012091,0xa148414513dfa8ce1c4aee1587876c697e6b47ea7223a0c55cbfe94c18b65470,2026-10-02T13:43:59Z,excluded_route,59724499556.947794,59620244983.872270,,right_censored,,,,,,,,,,,,,,,,unknown,false,unknown,unknown,unknown,0,attribution_unknown,
8453,4663,6283422,0x3c60025306da053eb919991786e9a6520a1c8e0869e399152682093b2e77a999,0xa16abf97f641f28833fbb376027bb4681be7b67abfeda8a16a8d7fa8fd31eddf,2026-10-02T14:11:01Z,excluded_route,386039819334.520207,385939342890.235119,,right_censored,,,,,,,,,,,,,,,,unknown,false,unknown,unknown,unknown,0,attribution_unknown,
8453,56,6283300,0x0d3a452220ed685f5708ffc12583049e04b6bf59a918dac4bc9ac3ee5924b422,0xa18b748d282de5855dd6af3661c59bd5bd9c3de68f152ca877f3cca1a5fe3e2c,2026-10-02T13:42:09Z,excluded_route,12.118875,12080105833311.058266,,right_censored,,,,,,,,,,,,,,,,unknown,false,unknown,unknown,unknown,0,attribution_unknown,
8453,4663,6283411,0xf9407841dcde6d0e112a56bcad5f2f73a9d2b106ee1aee3468455a2c868e2cd8,0xa33d27658cc89f39e842805a3b12d083cf7a01074664fee9b9852781b097023c,2026-10-02T14:08:01Z,excluded_route,34799647913.954190,34783600065.344385,,right_censored,,,,,,,,,,,,,,,,unknown,false,unknown,unknown,unknown,0,attribution_unknown,
8453,4663,6283305,0xfb8df954506102390a01fbfe6aebbb741f3f3133fea2fe49ce3a1b49384dfc1d,0xa34028bf85bf82daa02c6292c124186b2a0868fdefbc2a018cb0369577d281b2,2026-10-02T13:42:55Z,excluded_route,600.500000,600.126777,,right_censored,,,,,,,,,,,,,,,,unknown,false,unknown,unknown,unknown,0,attribution_unknown,
8453,4663,6283298,0xbe325fff676a7d23e3bee58b217e1849cf4ce111bdffd57769a1e64073f3f921,0xa4222a83a10a3b0db12e2c822d51b2dd2b71af0d3826681c3ccca5250c8fe789,2026-10-02T13:41:11Z,excluded_route,8.000000,7.982591,,right_censored,,,,,,,,,,,,,,,,unknown,false,unknown,unknown,unknown,0,attribution_unknown,
8453,1,6283194,0x0d82fdd15075d7ac826b4f95056869246abb0a448411249fc302df322a4a257b,0xa665706bc4afb5ab3512ff5edc860e3ec3990d81206e4841f20db82cd08e05f8,2026-10-02T13:10:43Z,excluded_route,978879715006.461202,978568221118.113390,,right_censored,,,,,,,,,,,,,,,,unknown,false,unknown,unknown,unknown,0,attribution_unknown,
8453,42161,6283427,0x6647444714da2ff33b97a0ebe973b0254224eefd6bf720b84fb8b2e64e3be389,0xa7c5bbafa899869909967395ebeb5cc7fed9535c18454db3e583ab7d68a67ad7,2026-10-02T14:11:55Z,eligible_original_empty_terms,34.111856,34.100343,0.011513,filled,2026-10-02T14:11:55Z,0,34.100343,0.011513,42161,0x714d59364f0e514eaca63367c45adb5007f004de8f758b8eb92ab2a64d0c55d1,0xd1aa77961bf0e4ec13ea15d987caf55973d2dfc97a4128478bb04f303ad06091,8453,0x000000000000000000000000fd03abcadaf3f930fa4e37eb2f6ea3a44a41b7f0,0xcad97616f91872c02ba3553db315db4015cbe850,3887634255082,true,whole_transaction_shared_do_not_sum_orders,,,unknown,false,unknown,unknown,unknown,0,attribution_unknown,
8453,42161,20426385578263929690301966602343553034583560613547922138835281825403965594726,0xc0afe4ab130aaf12456eca1f95450877b7b67f43fbf3a7432098e1af976431f2,0xa7d93bb66d38e9f9825fa997d0cf0704ba22f0e607cf53c809172b19dbad5bd5,2026-10-02T13:35:11Z,eligible_original_empty_terms,10.000000,10.000000,0.000000,fill_unknown,,,,,,,,,,,,,,,,unknown,false,unknown,unknown,unknown,0,attribution_unknown,
8453,4663,6283145,0x80322bfa1a6b1ebfc7c67d5584312a616cbaf24348625ec9ac0fa33d3425e75d,0xa87d1df4f72ed78dc86e09f76d3c0bed9c4dfdd56f2f04e026b78cab611304a5,2026-10-02T12:55:23Z,excluded_route,48000000000.000000,47980726901.049670,,right_censored,,,,,,,,,,,,,,,,unknown,false,unknown,unknown,unknown,0,attribution_unknown,
8453,1,6283144,0x44f19e38086dd6aab03b1de06ef60f74af6ecd449dc1bb851470e3e45dd009b5,0xa87d1df4f72ed78dc86e09f76d3c0bed9c4dfdd56f2f04e026b78cab611304a5,2026-10-02T12:55:23Z,excluded_route,110.000000,109.742427,,right_censored,,,,,,,,,,,,,,,,unknown,false,unknown,unknown,unknown,0,attribution_unknown,
8453,4663,6283332,0x7676d98235552252cbc76a12794acc22c5974df71fb3a72cf3187ded290b3394,0xa9197533a9a2dfcbc18d735814d6524b7780e41286186c9aa87bf4fcf6123f3c,2026-10-02T13:49:23Z,excluded_route,7459718275.000000,7450648501.822703,,right_censored,,,,,,,,,,,,,,,,unknown,false,unknown,unknown,unknown,0,attribution_unknown,
8453,4663,6283230,0xeba61fbeb0b2879ef9039ba91807dc28ec91727ea5b9cecc5286e2af81df9357,0xa91ff36a6b622d75855d942d59818ad0cc3af33f56acd5bc8ab47ecc2995cb0b,2026-10-02T13:21:37Z,excluded_route,2500000000.000000,2492288871.350828,,right_censored,,,,,,,,,,,,,,,,unknown,false,unknown,unknown,unknown,0,attribution_unknown,
8453,4663,6283357,0x827d9dba52400e68761102436fa7cc3945d605cc2c85c5a86301a07b964df7ee,0xa9e47d37fce2b714769ba13e5de9cd53d1aede5b15f49a4a69c50199302a1b62,2026-10-02T13:55:17Z,excluded_route,16855316224.457832,16840346267.901452,,right_censored,,,,,,,,,,,,,,,,unknown,false,unknown,unknown,unknown,0,attribution_unknown,
8453,137,6283406,0xc70c58e52e2137786316b648a895779e3bddd1a277bfd1b1d7b5a4192f45ddc6,0xaa2c54591a988bba06b698017a0058b775d69fb9732ac0c35209d557d3f88a0b,2026-10-02T14:05:45Z,excluded_route,34.684299,34.671779,,right_censored,,,,,,,,,,,,,,,,unknown,false,unknown,unknown,unknown,0,attribution_unknown,
8453,56,6283216,0x0c5b1ad11082634fa19d1c07d31fec91bd8dcee9d65909b9df30c248048b6484,0xaac2579efd438752d9b5b27508d8e4a3015497cefbb1eb58b47768f7fa94f672,2026-10-02T13:18:35Z,excluded_route,22.000000,21979598000000.000000,,right_censored,,,,,,,,,,,,,,,,unknown,false,unknown,unknown,unknown,0,attribution_unknown,
8453,42161,6283177,0xfbb699894abb7035722a44c75d2e93220ce05c06e317101fd06066719e159355,0xae0d0bdb8955331de38845392846494aac1423e965271b8701c8f2f4293cd460,2026-10-02T13:07:07Z,eligible_original_empty_terms,1067.175000,1067.059867,0.115133,right_censored,,,,,,,,,,,,,,,,unknown,false,unknown,unknown,unknown,0,attribution_unknown,
8453,9745,16113726626641463226582131713778197507468252148026580864649140245724716642516,0x30c58f9d6543f2d66786eac0157af19d4a563f1de9f47467a2fbb84d33f8a886,0xae926b9ad9f5067dd0a8bf7c18611e92bad9a5131aede05391e4b74acc031e81,2026-10-02T13:29:31Z,excluded_route,24.551858,24.551858,,fill_unknown,,,,,,,,,,,,,,,,unknown,false,unknown,unknown,unknown,0,attribution_unknown,
8453,4663,6283256,0xf2210892f0709a01e222313f94a37ec392357456fc60fa99d8c4818b49d02db6,0xae926b9ad9f5067dd0a8bf7c18611e92bad9a5131aede05391e4b74acc031e81,2026-10-02T13:29:31Z,excluded_route,4042464258.238554,4034356433.509189,,right_censored,,,,,,,,,,,,,,,,unknown,false,unknown,unknown,unknown,0,attribution_unknown,
8453,4663,6283148,0xa416307703a468ab67d368dbda3e758d6af353533a5a423e9c75e115e22bfc0f,0xaed3f895b1b57d3ca5e2f388e59e9b4636d791f457cda12f677393e501483f92,2026-10-02T12:57:05Z,excluded_route,37686505487.714200,37669819086.145289,,right_censored,,,,,,,,,,,,,,,,unknown,false,unknown,unknown,unknown,0,attribution_unknown,
8453,137,6283182,0xc4b0524961b94bdf4f143ea1733a145e974dab56cc82388db01b9b50ba2135bd,0xaf0ead56b84ab6ea37a7fdfc9f3c7f271740ab543d544f725d1a811cf4fb9521,2026-10-02T13:08:03Z,excluded_route,1039.627483,1039.515126,,right_censored,,,,,,,,,,,,,,,,unknown,false,unknown,unknown,unknown,0,attribution_unknown,
8453,5042,6283125,0x91fa8cb609e62da49a9a5dc903ec6b5d24279ef8b40f67a8db38ffdcac6343e0,0xaf0ebbc451c87f65684ca4e523c12f69041eb4b071465f63bb865fdaddde5c1b,2026-10-02T12:48:01Z,excluded_route,1730.922220,1730.746118,,right_censored,,,,,,,,,,,,,,,,unknown,false,unknown,unknown,unknown,0,attribution_unknown,
8453,4663,6283358,0xe005a862e3d08bfe75c09012c5793684ce703238355dda102b3c4cafb9a4f243,0xaf4e3e165d6ae2da0a4fa3adda28f878fd625d4a5bfd91345c01d67e676f4bbb,2026-10-02T13:55:33Z,excluded_route,4000000000.000000,3991662493.395835,,right_censored,,,,,,,,,,,,,,,,unknown,false,unknown,unknown,unknown,0,attribution_unknown,
8453,4663,6283356,0x2cf9708ea4493b04ccbe377f661ec630f9ca12100e0f5642b217c219af65b99b,0xb06c4e2fe1c588fba4e6adb285ec94cea81d2a7a3a96e2544d90dd08f7886e82,2026-10-02T13:55:01Z,excluded_route,41997227039.297609,41979409314.630723,,right_censored,,,,,,,,,,,,,,,,unknown,false,unknown,unknown,unknown,0,attribution_unknown,
8453,10,6283245,0xb44b19cc2eaee1fdd1a923ba7c97fcf704393aaf1c8a977ecd448f2bf90f2501,0xb0b6b7273ca0b7fb5211c75df08d271471693670e7a7cdf904c2ed1eeda3b174,2026-10-02T13:25:49Z,excluded_route,997500000.000000,997096391.806773,,right_censored,,,,,,,,,,,,,,,,unknown,false,unknown,unknown,unknown,0,attribution_unknown,
8453,1,6283373,0xe42618191c97aa62e0394cfda4eb8a0df37994daaa386ebc313cf3f66965440d,0xb152be5a54a651b884b9ac98700c1d0d88f2c65d00c4e1a33168c5f7c344da4a,2026-10-02T13:57:39Z,excluded_route,60.000000,59.585764,,right_censored,,,,,,,,,,,,,,,,unknown,false,unknown,unknown,unknown,0,attribution_unknown,
8453,4663,6283128,0x80dc78b5062b16e2590b5b14fcfe9854ca871abb22b950f5089aca73910b4ced,0xb204d914ef75a4bcaac74c208d4ddb31610457310e05149b9c8c972e8a61b752,2026-10-02T12:48:35Z,excluded_route,41177635843.398832,41158229488.380016,,right_censored,,,,,,,,,,,,,,,,unknown,false,unknown,unknown,unknown,0,attribution_unknown,
8453,1868,14921432903519883833768915562118525057670680086253261622549629658011547811431,0xfdd02bb4e6e56c7c4a2ee2fa7300d05f0a397e98acccb115bc1753d47aa3213d,0xb25f3387d83f8d70364dac3fd4aec74d81ae4870c31e4fbf86013f371509c9dc,2026-10-02T13:45:45Z,excluded_route,13.000000,13.000000,,fill_unknown,,,,,,,,,,,,,,,,unknown,false,unknown,unknown,unknown,0,attribution_unknown,
8453,4663,6283359,0xedbf69a9413a899aa07cec957e93a97bc4a09510210512cc9ec22cdf090f57a2,0xb3091c68bcfed29b5aa41affe746c30e527652f67c251b05ae95e75bbf10de35,2026-10-02T13:55:43Z,excluded_route,16.877500,16.854784,,right_censored,,,,,,,,,,,,,,,,unknown,false,unknown,unknown,unknown,0,attribution_unknown,
8453,1,6283158,0x85cc49c64a1fae416c63f7c2d59fecd4b7e6480ce8018db3367e5de24a68996b,0xb4c60efb5f10a297de8d2dbaf92cd30dc86e5ccf5f720b99651ccf02b0e6fd84,2026-10-02T12:59:59Z,excluded_route,210000000000.000000,209822280998.308187,,right_censored,,,,,,,,,,,,,,,,unknown,false,unknown,unknown,unknown,0,attribution_unknown,
8453,1,6283220,0x78360a9df5186022da6c748b7f70d64cd239303c5b0dd38993022ef3dd2f4b8a,0xb5bd3f4ba7d3e90f7358ca7e534b7fb16075fbbf401a3e7e8193712db2640694,2026-10-02T13:19:31Z,excluded_route,55.605000,55.468787,,right_censored,,,,,,,,,,,,,,,,unknown,false,unknown,unknown,unknown,0,attribution_unknown,
8453,4663,6283342,0x29fce8c20866e24dfd54d56e62b66d54f7a981a164518d9143afb1102a0e1542,0xb6072f588372664e77bbf00aa2684257e6ead245a1cf3c4068c739e742e9961f,2026-10-02T13:50:41Z,excluded_route,9503390000.000000,9493736001.732311,,right_censored,,,,,,,,,,,,,,,,unknown,false,unknown,unknown,unknown,0,attribution_unknown,
8453,1,6283139,0x5a6d85fea33cdab9cd1b2676ab3d2389ca897a25161e13491fc3890d22f01c84,0xb69ce5b4a10a7e8c8c92f1dcb64c836f21e2c42cede2afa3bdbecaf5ad7278fa,2026-10-02T12:54:01Z,excluded_route,29.702993,29.445646,,right_censored,,,,,,,,,,,,,,,,unknown,false,unknown,unknown,unknown,0,attribution_unknown,
8453,42161,27825822763471628660233499965608702667654006712546384389639797622204384679492,0x6353f5a87ad051a7d6b4594341adb44fc279a7f48eb209c95ee032c233867eaa,0xb70a05ccf7174aaec915c1a910666fd606d5a505531a8e2a88d92541a2a429bd,2026-10-02T14:00:23Z,excluded_message,990.497625,990.402227,,prefill_possible_or_clock_order_inversion,2026-10-02T14:00:21Z,0,990.402227,,42161,0x759199193ea0014aec47f6d1696de399725941331534257d28eefa152170e529,0xaff94b3e650320e797cbaf3c992774021892c2e76859b393d85ba67003322df6,8453,0x00000000000000000000000007ae8551be970cb1cca11dd7a11f47ae82e70e67,0x07ae8551be970cb1cca11dd7a11f47ae82e70e67,4377900218895,true,whole_transaction_shared_do_not_sum_orders,,,unknown,false,unknown,unknown,unknown,0,attribution_unknown,
8453,4663,6283410,0xe368028b574074b7656ca5c8786c3ea5e0d88e366d05e123d03aed3fa650919f,0xb7a370de959f59efddd83ddcd4087850124913fb8fe54726d0b28aa84f2d5f85,2026-10-02T14:07:39Z,excluded_route,46400000000.000000,46381006415.789523,,right_censored,,,,,,,,,,,,,,,,unknown,false,unknown,unknown,unknown,0,attribution_unknown,
8453,9745,57456448240238983987573314089797799971965704633529838517763590040432844809063,0xb12c971c369f397bb37ca11a2413d927def7ace537afe6379050eabe49cc6d9b,0xb9c72d415ac78051b8dcc9f0578b09a00df55199a59f519930e6804a1987cb5c,2026-10-02T13:28:05Z,excluded_route,20.000000,20.000000,,fill_unknown,,,,,,,,,,,,,,,,unknown,false,unknown,unknown,unknown,0,attribution_unknown,
8453,4663,59907883106846882200571694363142157795877389669059683557853080694248751644303,0x13491a2e339b1f340e2c8661d1ac4aca9d0fb7d37231fddbf61b2a59eae79b56,0xbbf0b846a96c02a824cbd1312ae5ea61aeb6c9ab0876ee77eb7c0b948fe39f46,2026-10-02T13:51:55Z,excluded_route,105.987242,105.958631,,right_censored,,,,,,,,,,,,,,,,unknown,false,unknown,unknown,unknown,0,attribution_unknown,
8453,56,6283209,0x1a1a07202b4eaa783452ae3d294d24b3290e7d9e70a1e09534ddc1f273e77fdf,0xbc4ca33c03ec662f0a67cbce7d978aa36456613360c8fcf62552ab414f288c9b,2026-10-02T13:17:51Z,excluded_route,5000000000.000000,4992390902.344253,,right_censored,,,,,,,,,,,,,,,,unknown,false,unknown,unknown,unknown,0,attribution_unknown,
8453,1,6283294,0x0dc4f7882e99530e68e08c70cb64a05d394e779024771573691b0a526c993745,0xbc96e41f9406ebe45aef4757bfa3356591485f2e53a8f679e0158ee45ccda9ea,2026-10-02T13:39:59Z,excluded_route,750.000000,749.804406,,right_censored,,,,,,,,,,,,,,,,unknown,false,unknown,unknown,unknown,0,attribution_unknown,
8453,4663,6283307,0x4ed70f663e58490ee8339bb67fdf37f530f0665c7c276dad6a8b290e0a898036,0xbcb5e32bdad4bb5d2de11b8304b49b75de8d0e8948502ccad7961747c41424d4,2026-10-02T13:43:07Z,excluded_route,358542375.993752,351236185.075398,,right_censored,,,,,,,,,,,,,,,,unknown,false,unknown,unknown,unknown,0,attribution_unknown,
8453,1,6283222,0x19c95527bcc0315128ffebae6991ff19cba1b28f5ccc2759a09fb4f86c581114,0xbd516c1664def3ee17413de056de7086a6e03c2320d47fe471e0c182c730b7ca,2026-10-02T13:19:43Z,excluded_route,1601044561.100181,1537203717.307904,,right_censored,,,,,,,,,,,,,,,,unknown,false,unknown,unknown,unknown,0,attribution_unknown,
8453,999,6283141,0x0551b02fc10c2560d7ec6ec47189037fbf50a82553b3666dbd5686e93f97c063,0xbdb5d9f63a1235203cee2f0d4b9a698a200754f7c4f5f76cabaa529fd2d31f54,2026-10-02T12:54:27Z,excluded_route,16.793792,16.787505,,right_censored,,,,,,,,,,,,,,,,unknown,false,unknown,unknown,unknown,0,attribution_unknown,
8453,56,104418281603479083094224330183429032338481879735667984474559828459171825923497,0x5e75c90d2a5b7c027161038fc463aecba7e439baa932a6484f6f373e94d2ba4e,0xbddf646507a3048157095a5bd8459b11bb5bd90c66c01f79a5a3472522939510,2026-10-02T13:16:53Z,excluded_route,16939.000000,16937700865904655.327864,,right_censored,,,,,,,,,,,,,,,,unknown,false,unknown,unknown,unknown,0,attribution_unknown,
8453,1,6283252,0x6fa42179ffc84a8a8a89a5c9f13b094cf661e4fcb945a12385cee0d13219ab40,0xbf63df32812f2d863637996b551bf34f83a0d2907a8521207118c2a13f542588,2026-10-02T13:28:39Z,excluded_route,396.201800,395.949479,,right_censored,,,,,,,,,,,,,,,,unknown,false,unknown,unknown,unknown,0,attribution_unknown,
8453,4663,6283168,0x13a6cf054c045386d345b49d12706f3441a8598168a375b674c799135dce6de8,0xc0c566d7ef88ee41092b026d047cae7880d447c3766b98488c9236d40587a1ce,2026-10-02T13:03:33Z,excluded_route,198.150875,197.943361,,right_censored,,,,,,,,,,,,,,,,unknown,false,unknown,unknown,unknown,0,attribution_unknown,
8453,1,6283198,0xf1c0dc1cbec93d3a3995689c092ab057af30b6950f111a2df1f3f87a9c06f693,0xc122dd34ac0cd856fffcb5c6008ecc261075a7c5bc3ffd0eaecd43178bc9e5ef,2026-10-02T13:14:13Z,excluded_route,3622705435.891635,3548619314.431874,,right_censored,,,,,,,,,,,,,,,,unknown,false,unknown,unknown,unknown,0,attribution_unknown,
8453,1,6283218,0x6486366886195a2b542e5dfb1b3f1a83e83bb126ce8d7ac1f2a41a0d1050f45c,0xc2354199e7e5e8efcd6e0ee60095e756197dbe92a0fdcc772d5350c4d63279cd,2026-10-02T13:18:49Z,excluded_route,90356401541044.262813,90335570311909.620128,,right_censored,,,,,,,,,,,,,,,,unknown,false,unknown,unknown,unknown,0,attribution_unknown,
8453,4663,6283304,0xef56e3391a05ebb56b7c936259cb75fabc866f06f9a6542350d5a5636ae4a656,0xc2446fa0ea18550e320ae4fd570b9736e9c1b58e8a0bdea4add9f1f648660a34,2026-10-02T13:42:47Z,excluded_route,1150000000.000000,1142573129.800481,,right_censored,,,,,,,,,,,,,,,,unknown,false,unknown,unknown,unknown,0,attribution_unknown,
8453,1,6283166,0xdb0bf75dbce2b3ae0a1294896cb6ebded7df5aea4e0dd5b01bc83e6423754799,0xc2e4e27d1f15440dc2532e75a3d73fa874af1956ba7b6c11186b4983d2451df2,2026-10-02T13:03:25Z,excluded_route,4969.587669,4968.848472,,right_censored,,,,,,,,,,,,,,,,unknown,false,unknown,unknown,unknown,0,attribution_unknown,
8453,56,6283201,0xb522501ae75cb65d5f7a6aa39c3958c9888a6cf9f095fbeda65c0a81e3723d2d,0xc31cc3c7609453d9ce902ad20db3154f7dcd1e95d25dd487149f0d48fc0f3184,2026-10-02T13:15:15Z,excluded_route,2.762066,2750224883180.704139,,right_censored,,,,,,,,,,,,,,,,unknown,false,unknown,unknown,unknown,0,attribution_unknown,
8453,10,6283135,0x8bf8b40ebe14f16e1f6f80b26fca3061a8bba47d26db48c01258a4db417d314f,0xc375f097426cf4ac2c8f36956fa6b0571742db84a4fd40317c6b5adf2cfbca4b,2026-10-02T12:52:13Z,excluded_route,174.053334,174.035590,,right_censored,,,,,,,,,,,,,,,,unknown,false,unknown,unknown,unknown,0,attribution_unknown,
8453,42161,1179149650841555773415121657280475378085178492747219561705506990064246524445,0x66afac2fa4b417c681a3f770c37259372d825b042b51a8d1f1094a22241d409b,0xc7203d4d583ca2a6edc8c0f08736f678e21b3cce80ac63522d5bb882b9866626,2026-10-02T13:50:07Z,eligible_original_empty_terms,10.000000,10.000000,0.000000,prefill_possible_or_clock_order_inversion,2026-10-02T13:50:06Z,0,10.000000,0.000000,42161,0xf540c24c199f5b84a2fe192337962e586e4ee0fb72ea2a8c98275ee367df331e,0x38d177503b55e4c2b6a0dfba4cf6b23f64512db6159ab39ed74e31a4671ad23f,8453,0x000000000000000000000000fd03abcadaf3f930fa4e37eb2f6ea3a44a41b7f0,,,,whole_transaction_shared_do_not_sum_orders,,,unknown,false,unknown,unknown,unknown,0,attribution_unknown,
8453,42161,6283247,0xa6c8ab1b1f94f056de1ca514deb6988e2becf92fdee45e177abdc96f8f794e30,0xc7421cda7948f783969387b22d730c54e9dae17f2f05f73f5294d31273060531,2026-10-02T13:26:05Z,eligible_original_empty_terms,145.000000,144.977245,0.022755,prefill_possible_or_clock_order_inversion,2026-10-02T13:26:03Z,0,144.977245,0.022755,42161,0x329d57683fe10d03084fc75fb4547226ad38c2782e45d3b34770d2c5be1452f8,0xcfcd05886361dc45a9868416dd2579ce75318c664ff5f367e921a6dbbac19f7d,8453,0x000000000000000000000000d0588c940bdbfcfb5f3e8e3c843ed1462d9f828e,0xd0588c940bdbfcfb5f3e8e3c843ed1462d9f828e,2575915084800,true,whole_transaction_shared_do_not_sum_orders,,,unknown,false,unknown,unknown,unknown,0,attribution_unknown,
8453,1,6283253,0x62e1c1a0d880fb27cba4eb0fffb12c04f185c6be7dfe666a117d5441922135c1,0xc7a99163c16ee50538b5cfb757e30e907fcac95618ad99a38f8f0a6b75719092,2026-10-02T13:28:53Z,excluded_route,10406029970.686904,10231561259.757729,,fill_unknown,,,,,,,,,,,,,,,,unknown,false,unknown,unknown,unknown,0,attribution_unknown,
8453,130,6283329,0xbf14d31e2f132b44c131dc630e3f277992df16f512055ec05b6c49780ba6716a,0xc851cd1006cb52ca28bd3c2a5f0e77a37837657ba1ea2c7bad113cbbbab1f742,2026-10-02T13:48:41Z,excluded_route,3697469077.491109,3696322353.717690,,right_censored,,,,,,,,,,,,,,,,unknown,false,unknown,unknown,unknown,0,attribution_unknown,
8453,4663,6283169,0xf846001200759417e3d1f8f974f33e7c4715ab1795a3bbca46f95751869fa3b7,0xc8e37c5f92dde544605d485a8901649c1c9914ee42c6f1783bf34e09dbcec2e2,2026-10-02T13:04:29Z,excluded_route,1000.000000,999.387475,,right_censored,,,,,,,,,,,,,,,,unknown,false,unknown,unknown,unknown,0,attribution_unknown,
8453,4663,6283258,0x2b9cc959d132c7df9a3315bc748c70dfdcdbaa317736e07960ff379c0f3943d5,0xc943d0819603038a14220b5969d61ca1241eed766cad0042818dce626318ca38,2026-10-02T13:30:51Z,excluded_route,20000000000.000000,19987508558.400775,,right_censored,,,,,,,,,,,,,,,,unknown,false,unknown,unknown,unknown,0,attribution_unknown,
8453,42161,21654807971506813770819524888248568292657730485064802863285588059795969955260,0xf08ad9e57338bb2b552aef7f3d862a396b49db505b186a16ecbd3cac17a5c59c,0xca460a3dc6930fcd3053a9d328c8a749b2e2e24dd6c99f9b0198798d14694c26,2026-10-02T13:05:13Z,eligible_original_empty_terms,10.000000,10.000000,0.000000,fill_unknown,,,,,,,,,,,,,,,,unknown,false,unknown,unknown,unknown,0,attribution_unknown,
8453,4663,6283122,0x1350561c89ae96cead681a1707db3ee36be8f99aec5e4f7612a7e201cc8f3a8f,0xcaa96b918f2b1ce333f61a6bd135cb49f34404bcb9027aa6798cf19469b9ef40,2026-10-02T12:47:39Z,excluded_route,44340278851.335033,44298194796.127585,,right_censored,,,,,,,,,,,,,,,,unknown,false,unknown,unknown,unknown,0,attribution_unknown,
8453,1,6283405,0x35a9e209372665f6cf84545e05581297439ab1208aded191b66dd7c035b68924,0xcc7fa6f50d9c948c0a1685caa7fb3f7142710c17f1728fe22a6deed5d9a50c22,2026-10-02T14:04:25Z,excluded_route,217.326919,217.006195,,right_censored,,,,,,,,,,,,,,,,unknown,false,unknown,unknown,unknown,0,attribution_unknown,
8453,4663,68478856025250932895250856143460136774578229466250087203766360148288633739757,0x9ca31f4abd75a7bee469c3837909dc0a2eb2f06e6adb3cc802baa9f511c00795,0xcca022fc0d81391d1cc0587265976ad5708714adca962658adddf7ae74fc1648,2026-10-02T14:01:19Z,excluded_route,500000000.000000,496709134.910666,,right_censored,,,,,,,,,,,,,,,,unknown,false,unknown,unknown,unknown,0,attribution_unknown,
8453,59144,6283199,0x42047c5ab47927016f9988d540789fa26702e15b069f3b99862ee488dbc1650b,0xcdf0e5817ba368840ba8cfe0491e116e1e7f6b03fd481d923613e7ae59c36bf5,2026-10-02T13:14:19Z,excluded_route,300.098188,300.046607,,right_censored,,,,,,,,,,,,,,,,unknown,false,unknown,unknown,unknown,0,attribution_unknown,
8453,4663,6283387,0xc4b111ef8358094ce84e6442c2b8c673f329fa7bc238b093274cedc87c1a4361,0xcead341ae9a7c02af41c7a30e8c3eb008e3ed65f6be48b0696c463dfc446f890,2026-10-02T13:59:27Z,excluded_route,21844102193.782313,21831409076.491758,,right_censored,,,,,,,,,,,,,,2026-10-02T13:59:30.242889Z,3242,unknown,false,unknown,unknown,unknown,0,attribution_unknown,
8453,42161,6283170,0x363898e5da2a640e8fa9001a61f99130c42a0e1bc3b64734258b4e7eab7c0fd3,0xcfc31eb9566208acbcbad722c095aa309b594d97b5f0a66da50070e9471cf2b7,2026-10-02T13:05:23Z,excluded_token_or_spoke,757867236.463877,753035494.527309,,right_censored,,,,,,,,,,,,,,,,unknown,false,unknown,unknown,unknown,0,attribution_unknown,
8453,1,6283270,0x30f235574660a9fe0db2c28e12fa72b2a83cb7b17e8abc9b391ed66881384f81,0xd3a29a86759a4e58caf38360f496f3bd6b8b81fc161ab4f3c95dc06459ad23bd,2026-10-02T13:33:25Z,excluded_route,860000000000.000000,859743330934.760516,,right_censored,,,,,,,,,,,,,,,,unknown,false,unknown,unknown,unknown,0,attribution_unknown,
8453,4663,6283163,0xf2bb18d31fe37665976d6f4341ce3625fa3095905673211960d4a0337c1432b3,0xd4343dc42c9d46965971be3607a50f8564a8a1bc3d8d1f86ce095d2842f5f66a,2026-10-02T13:02:19Z,excluded_route,792675350.640710,783838468.398216,,right_censored,,,,,,,,,,,,,,,,unknown,false,unknown,unknown,unknown,0,attribution_unknown,
8453,1,6283189,0xa2a2748d6f1b9aa517a4f573cbd61421df986894fb8191e738a2b68d31a2ed07,0xd61a396daee7f1d24dab9e9fd42f19691006e5437a1a2a907981395a6506a728,2026-10-02T13:09:49Z,excluded_route,551.516835,551.293867,,fill_unknown,,,,,,,,,,,,,,,,unknown,false,unknown,unknown,unknown,0,attribution_unknown,
8453,1,6283235,0x4f4e55c3459bf4d2bbdf5b81ffc3de09c922b305d84af25c0dccb37c37f04254,0xd66278d355dc39babce88ec2180f4ccd89107e5aad32489b72c41c581ffd12d0,2026-10-02T13:23:07Z,excluded_route,602321197762.735518,602133424695.995018,,right_censored,,,,,,,,,,,,,,,,unknown,false,unknown,unknown,unknown,0,attribution_unknown,
8453,42161,6283165,0xafd4cb91f2afe00646aed63cdffe9cfecf8a16eafa78a8baf5127626f08a6c4c,0xd71f67cf5f5c67ead42f6004510556a7623c868ab69d7f9bd61af8ba9da18ca5,2026-10-02T13:02:57Z,eligible_original_empty_terms,1.487803,1.479336,0.008467,right_censored,,,,,,,,,,,,,,,,unknown,false,unknown,unknown,unknown,0,attribution_unknown,
8453,4663,6283187,0xea62312a606d6ba3fc3ce39e78cc39001242e5bab3cf6c2e07d55d62119b6c54,0xd763fbda0fcbe6c33b6930fef9b7ca0d4870a11a07f0fb02e5d3a7b047998803,2026-10-02T13:09:29Z,excluded_route,3674116317.000000,3666002346.360371,,right_censored,,,,,,,,,,,,,,,,unknown,false,unknown,unknown,unknown,0,attribution_unknown,
8453,56,6283385,0x5f434f549a24b5dedae1d50568e3cb9855682be9cb6a31db435f7fa4f19a6d2d,0xd7d7c6a523b8bbf9bba349abafa2bb2c7bf55915a58fa2dd8d53b4b1acc54e63,2026-10-02T13:59:07Z,excluded_route,783.250716,783168250032225.297786,,right_censored,,,,,,,,,,,,,,,,unknown,false,unknown,unknown,unknown,0,attribution_unknown,
8453,57073,6283204,0xb00ed48ff074152a7840941630ed46ed3b8587920bf83eb67d357988113ebe19,0xd7f8f2dbba8f99e6e8e637fcf0e88571fdc6b625206584a9168b4f6e559decf1,2026-10-02T13:16:05Z,excluded_route,55.000000,54.994172,,right_censored,,,,,,,,,,,,,,,,unknown,false,unknown,unknown,unknown,0,attribution_unknown,
8453,4663,6283391,0x0363c8bd11004c85d0f55955c48808af4827b4145e4f9d3c8caeadbab9705973,0xd99e1e3275c6fe156f6f80a9a84461c77f6ea2b6a3f7cc2cbf0a80bce097c5fc,2026-10-02T14:00:09Z,excluded_route,80000000000.000000,79972676191.723339,,right_censored,,,,,,,,,,,,,,,,unknown,false,unknown,unknown,unknown,0,attribution_unknown,
8453,999,6283174,0xdf7aabf8eca1ebcf9e26c2f4bcf6c67cf706aa9b561ed3e92be4f78fff61d9d2,0xda3719a6cde25902f3f68c2f8574143d4013210e3aa0256ab66d53605067e43e,2026-10-02T13:06:25Z,excluded_route,7.873842,7.860484,,right_censored,,,,,,,,,,,,,,,,unknown,false,unknown,unknown,unknown,0,attribution_unknown,
8453,56,6283414,0x9a40636a314dd346c34cccf3f8d8134a74673e68f853bc972802ddb4cc7fb83f,0xdab1978c44fa5b31d778f20e0b4fc59489b7b67c333ce69113e39c5607e96cbe,2026-10-02T14:09:03Z,excluded_route,839.257902,836836036473293.520058,,right_censored,,,,,,,,,,,,,,,,unknown,false,unknown,unknown,unknown,0,attribution_unknown,
8453,4663,6283331,0x09a75cfa72794e236c01a34c51da5ef174b8cc0a624b7d6b6b288d7461f60855,0xdb600f365edc59b0a6700c728b55a87db21e82dc3280b8e6695b8261e2daaa96,2026-10-02T13:49:19Z,excluded_route,2193383993.379566,2185675462.908763,,right_censored,,,,,,,,,,,,,,,,unknown,false,unknown,unknown,unknown,0,attribution_unknown,
8453,1,6283423,0xca9eda22c84d975c3172b914cc2622459beb147c79e5b9b591b5bf674490b61f,0xdd120342d5a390a7aea776d5fed59a508fdc603d82f0a54a10a3a4e215779b46,2026-10-02T14:11:03Z,excluded_route,1444662386.853412,1297169322.790115,,right_censored,,,,,,,,,,,,,,,,unknown,false,unknown,unknown,unknown,0,attribution_unknown,
8453,4663,6283349,0x05588616c79f907f756df4ddb4c2d72b4e6f2f50622556912693d33054b8a02e,0xdd1bbf45d7c3867243eb3664d5f0b5b99b18ac72f10d9fabbf5e8a7698b264d3,2026-10-02T13:52:53Z,excluded_route,200000000000.000000,199943678583.027154,,right_censored,,,,,,,,,,,,,,,,unknown,false,unknown,unknown,unknown,0,attribution_unknown,
8453,56,6283350,0x4c99406ebaabcfd6afd79713a3ef80d559a1ed5ace6623bb57eacc35a0b83bab,0xdd1bbf45d7c3867243eb3664d5f0b5b99b18ac72f10d9fabbf5e8a7698b264d3,2026-10-02T13:52:53Z,excluded_route,14.419100,14413524000000.000000,,right_censored,,,,,,,,,,,,,,,,unknown,false,unknown,unknown,unknown,0,attribution_unknown,
8453,480,6283195,0x7f1bd01abf8a23ad33d799b49ee11103de7a769e5e5fecf03dd588cc28a371c0,0xddb7637f51e4bf8fca32b15dd0573a0b861dbe96f579f5fa6b6a6a76ebd870d1,2026-10-02T13:11:21Z,excluded_route,726447897.988809,725952336.154442,,right_censored,,,,,,,,,,,,,,,,unknown,false,unknown,unknown,unknown,0,attribution_unknown,
8453,42161,6283143,0xf35c102568360523df4687535ec3c3041ad13ee6522209df29caa218b3d25134,0xde8499e0837f2dce75d94d8a7d13e9ff148fcf7dd557757dc358a6c81b70d586,2026-10-02T12:55:01Z,excluded_token_or_spoke,3994030999.206419,3985476765.674495,,right_censored,,,,,,,,,,,,,,,,unknown,false,unknown,unknown,unknown,0,attribution_unknown,
8453,4663,6283347,0xc2d9e1db98194a35e8c595d9bcb2a0fc55672794d7ecbe81064dc314b4ef09f8,0xdee6fdcb12554cdd407605631098d7e0cceaedd50197cb44191a78bf5622f577,2026-10-02T13:51:45Z,excluded_route,3714922830.000000,3706810117.929344,,right_censored,,,,,,,,,,,,,,,,unknown,false,unknown,unknown,unknown,0,attribution_unknown,
8453,4663,6283193,0xa9c71f899540ad1a0af9eac0a5e9e92b31d440419ebd8f86336d77eac7f704b2,0xdfa6ff25e44d35d0eaa52c283f3ca7e0192f4b828ae94c7f7f3720c6fe4ab96c,2026-10-02T13:10:37Z,excluded_route,313751074.354833,304483898.049643,,right_censored,,,,,,,,,,,,,,,,unknown,false,unknown,unknown,unknown,0,attribution_unknown,
8453,4663,6283212,0xd0aeb9d448a3388cc8e87b5b7e4f6a95f02ed77445ed0f22e5ac723d754f2d04,0xe0fb056093933ac226ef65458005d57f10e49493ae46b5e0b075ceb7c890600b,2026-10-02T13:18:15Z,excluded_route,30300000000.000000,30285237000.642912,,right_censored,,,,,,,,,,,,,,,,unknown,false,unknown,unknown,unknown,0,attribution_unknown,
8453,143,6283160,0x13dfd82580b4d77db270617ac1ee92d202009a7dde83db4680a2ca1b279e7968,0xe23beb4acb623f54e4d1661e371bef804a5c55873a2a16726222c36428d10e69,2026-10-02T13:00:27Z,excluded_route,29.715135,29.711155,,right_censored,,,,,,,,,,,,,,,,unknown,false,unknown,unknown,unknown,0,attribution_unknown,
8453,1,6283233,0x6ec7ae12520142852f2e77c7e7f7706c2a1f042f4b6c882568171acf5e3e97c7,0xe487a116c4543d993772b95f8c67a3f4bcf5e8be536779d8dc8f99c9695d4b72,2026-10-02T13:22:47Z,excluded_route,60.000000,59.888903,,right_censored,,,,,,,,,,,,,,,,unknown,false,unknown,unknown,unknown,0,attribution_unknown,
8453,1,6283223,0x5e576a7da22782c417cf792a7527e63e3ab1f2bb9970d373a7be3009c63ddda1,0xe497eeb9145de141eb16e0f9bdd1a749e7205ee0a9a6ab18b56d6bfb7a5dc508,2026-10-02T13:20:09Z,excluded_route,1.982500,1.860390,,right_censored,,,,,,,,,,,,,,,,unknown,false,unknown,unknown,unknown,0,attribution_unknown,
8453,42161,59804823632377990578144583868152550928156722073889783012519513517212628036246,0xee71abda3de813b52eba0900102a72d391077e8fd17127f7c8eef7277f8754d1,0xe497eeb9145de141eb16e0f9bdd1a749e7205ee0a9a6ab18b56d6bfb7a5dc508,2026-10-02T13:20:09Z,eligible_original_empty_terms,10.000000,10.000000,0.000000,fill_unknown,,,,,,,,,,,,,,,,unknown,false,unknown,unknown,unknown,0,attribution_unknown,
8453,4663,6283142,0x31f9164bd2cab2f7cc15890387b9705ffdcd78ec71ed077ca04b345d59cb28ea,0xe68916ac987203047b357ae3e7a904f403d4b7029632659e6589f07a64e6c893,2026-10-02T12:54:57Z,excluded_route,16685094015.757150,16673632736.932466,,right_censored,,,,,,,,,,,,,,,,unknown,false,unknown,unknown,unknown,0,attribution_unknown,
8453,42161,67362236839761071250364890224536576740707808409574115657831875006148351984681,0x022795b8530c61dcaed25bf5896c8f167732b179b97ed748a99693253cb27801,0xe6d779907099f89d0fc0806be786424ce784add4472d3174803121d1588b5380,2026-10-02T14:10:07Z,eligible_original_empty_terms,10.000000,10.000000,0.000000,prefill_possible_or_clock_order_inversion,2026-10-02T14:10:06Z,0,10.000000,0.000000,42161,0xa7c97c8c4e8e764539e92a85b10d9574af86832cf5d02b72a7929d93d9551970,0x05ec5df7629c5e762157501180b4fd8be68b948c753ffe1befe517e41af23497,8453,0x000000000000000000000000fd03abcadaf3f930fa4e37eb2f6ea3a44a41b7f0,0xf2e3dcb8aebf306bf68f5de3b42ca49def7d14f8,6070906780384,true,whole_transaction_shared_do_not_sum_orders,,,unknown,false,unknown,unknown,unknown,0,attribution_unknown,
8453,4663,6283236,0x16e71dd734987e063cb0fe7f2d8c26b987f64ad3259759974ed2905d8251d773,0xe6e386a6c1fa6029fb561d8110441c0c7ece2cf531edff413a80f84fbabc1707,2026-10-02T13:23:13Z,excluded_route,190000000000.000000,189946160096.807461,,right_censored,,,,,,,,,,,,,,,,unknown,false,unknown,unknown,unknown,0,attribution_unknown,
8453,130,6283428,0x7cde321d21a5e59d900203489e65b5f7884ee56a7958be2d63a4109de93e28bc,0xe728f3be642d5fd312ab2365c10584aad94ec5eddd8c10351a76a67e6dfd3ee8,2026-10-02T14:12:01Z,excluded_route,1100000000000.000000,1099744095354.439728,,right_censored,,,,,,,,,,,,,,,,unknown,false,unknown,unknown,unknown,0,attribution_unknown,
8453,1,6283154,0xa9ee2445ba7627af49968a5b3c3b3f2b45c5f1f36296c21d616a68b27213a3c5,0xe744f05f0160fd65f95bd1126dcef8e81436f739b288beb7d7647f7ffbcac3ea,2026-10-02T12:58:43Z,excluded_route,41.000000,40.721702,,fill_unknown,,,,,,,,,,,,,,,,unknown,false,unknown,unknown,unknown,0,attribution_unknown,
8453,1,6283285,0xcecbdde7a6450d409fbe84e70946af6385d90d37b89f6c130b910df96964c81d,0xe7fb39f0a66620cd5210b65c186105e1cab98f761527e299132ba0e68520563e,2026-10-02T13:37:31Z,excluded_route,4580130000.000000,4516208191.357788,,right_censored,,,,,,,,,,,,,,,,unknown,false,unknown,unknown,unknown,0,attribution_unknown,
8453,42161,61426527740859311611967066972660456969422727887309050410820725826514163289789,0x2f703a402ecf05836fdc15f76f87e94b450826d98f3580fbe4ffefbb6924e8e4,0xe8207b0c7c7ecf4f8085accb7ebbde9211a7838350056044b760077107b2a823,2026-10-02T12:56:47Z,excluded_message,4000.000000,3999.388747,,fill_unknown,,,,,,,,,,,,,,,,unknown,false,unknown,unknown,unknown,0,attribution_unknown,
8453,1868,51627882096481111296530564878762370131827210178273207096625825253596813809398,0x25df278ec9c98fb9f1b889fde1341b26da2b7d2e66ba751293c3561fe981bb21,0xe89bfe8baee97fe3c99822036901673d59e2e4296979582ec7f687017beb963d,2026-10-02T13:04:07Z,excluded_route,5.200000,5.200000,,fill_unknown,,,,,,,,,,,,,,,,unknown,false,unknown,unknown,unknown,0,attribution_unknown,
8453,4663,6283393,0xa5d74f07e2a0d5d03da33c9f64d6e521c2f42d57e029cdd0bffeb6cb021c17a4,0xe913ce11d38053fec95496f559fe6e9a3837c5713da617ddfd175caf8a678653,2026-10-02T14:00:25Z,excluded_route,9975000000.000000,9957577542.536745,,right_censored,,,,,,,,,,,,,,,,unknown,false,unknown,unknown,unknown,0,attribution_unknown,
8453,1,6283161,0xcb0c619fd17839d94411a5703c2d555e9f938e24ce589647562cdc33f8dbe034,0xe96ae4cac82af61420248a45d056bd5ac575f83562e90f1ddc53b968a2abdb8a,2026-10-02T13:01:25Z,excluded_route,1854469911295.359739,1853913371588.976356,,right_censored,,,,,,,,,,,,,,,,unknown,false,unknown,unknown,unknown,0,attribution_unknown,
8453,1,6283149,0x4026e58fd5bae242f87f1ffe8f992aeb6e5b15ab1166763192d21481a1fd3fc7,0xeb1fe8d96291eafc9aae323685a42a2232b7c5dfb7ac10b083bc981af4ef7754,2026-10-02T12:57:33Z,excluded_route,3139.255379,3138.645995,,right_censored,,,,,,,,,,,,,,,,unknown,false,unknown,unknown,unknown,0,attribution_unknown,
8453,42161,6283344,0x10fd0661a99f9d31f3fa78b52be6080a6b6e18969b73f0a9139d9ba83cb4118a,0xecffc51dc0f2b81ceeff7e0d5f13b3bec9b812c244455b4d0cb38f593de2318f,2026-10-02T13:51:01Z,eligible_original_empty_terms,4.375860,4.367241,0.008619,filled,2026-10-02T13:51:01Z,0,4.367241,0.008619,42161,0x90fd186aef64cfc70c88ea1eb20ab0e09ab9e2f230a6b8bec93f490247f2aaf9,0x86163dd8cde23ad95901680985570139cbae6ede9ce61bf155b5aa8d02baf1f1,8453,0x000000000000000000000000fd03abcadaf3f930fa4e37eb2f6ea3a44a41b7f0,0xcad97616f91872c02ba3553db315db4015cbe850,3882567743586,true,whole_transaction_shared_do_not_sum_orders,,,unknown,false,unknown,unknown,unknown,0,attribution_unknown,
8453,137,6283124,0x00f7e580fa4647193d00a865be7b5f6686fbb66490f46bf5fbd6ad4e75847025,0xed16921f94956df9cd5b8edb0a1f06546d1636b6cf0d4791522fd47ad3e23e2b,2026-10-02T12:47:53Z,excluded_route,423.218747,423.168413,,fill_unknown,,,,,,,,,,,,,,,,unknown,false,unknown,unknown,unknown,0,attribution_unknown,
8453,999,6283353,0x13488f07e95d784ef2f77caa16a85d51cfc59a6e282164554e7ce4100099a439,0xed5aceec9278f963811da7ccb0be6af5b5897b1852dc871a8e362fd0e1bea5c4,2026-10-02T13:53:35Z,excluded_route,369.455979,369.410523,,right_censored,,,,,,,,,,,,,,,,unknown,false,unknown,unknown,unknown,0,attribution_unknown,
8453,4663,6283413,0x2b3e969d36dd934eb7e8d766726e588ea4d751e5bf962b6d33eae3d443105222,0xedcb41692c69a7c8aacfdf1ef8b66ab948d9f95702ad5ae0a451a18022f31198,2026-10-02T14:08:53Z,excluded_route,346044038.124992,337628495.884258,,right_censored,,,,,,,,,,,,,,2026-10-02T14:08:57.631114Z,4631,unknown,false,unknown,unknown,unknown,0,attribution_unknown,
8453,4663,6283172,0xf30182c3dcaa4ca2e7e032603a31c1776932727485575ecb4a00d05d0a7a390b,0xee9d8a742ffe44ed7ea4f1afd2ec94ee607366b46cee03e1126143ef274472ea,2026-10-02T13:05:31Z,excluded_route,2093685373.129962,2070047955.339748,,right_censored,,,,,,,,,,,,,,,,unknown,false,unknown,unknown,unknown,0,attribution_unknown,
8453,56,6283181,0x15eb9af4ea916ecb25ed7445f8cfc6930057163b524f882377fa4409a53f2f7a,0xeffaab0b05f7c7414c9fb3ed5f3ffe7ba5924f36a6cfeb865a2d27443c62da08,2026-10-02T13:07:47Z,excluded_route,3345393062.365530,3337861300.799159,,right_censored,,,,,,,,,,,,,,,,unknown,false,unknown,unknown,unknown,0,attribution_unknown,
8453,1,6283363,0x6a893bef55bdc46fe0be32397228c753d81a985db35171dc56ec11a22f4c9dcc,0xf0011d841bd6fa67c7c90856e38a23310e08ffc6569487482bced4a9982376a5,2026-10-02T13:56:11Z,excluded_route,1.858349,1.661977,,right_censored,,,,,,,,,,,,,,,,unknown,false,unknown,unknown,unknown,0,attribution_unknown,
8453,4663,6283296,0xcb4c705205ee9ec18f0964da480d1adb0acd8e2a60d61ebd3ea2329b25946d95,0xf074ac1a379d5b04029947b25e3addc166f71c163f606006b687bb9025b05907,2026-10-02T13:40:49Z,excluded_route,723031439068.388096,722855082587.375471,,right_censored,,,,,,,,,,,,,,,,unknown,false,unknown,unknown,unknown,0,attribution_unknown,
8453,4663,6283192,0xe7617f70f0b66928557d47f90b43ac9e9a03a6af34c0e1f8c0e785ca03963f25,0xf07d4014670fb5c7bd82f899ade004e199c995e4a10c01df1b72d51718ab31f0,2026-10-02T13:10:35Z,excluded_route,20700000000.000000,20687578376.741822,,right_censored,,,,,,,,,,,,,,,,unknown,false,unknown,unknown,unknown,0,attribution_unknown,
8453,42161,59869299752947712651708192940608979290343522428376635805917100447959333251010,0xa9f7da7acf9f7c08fede2a93faaf22631d05c5631c6d153a4dea64f3fa1a5865,0xf15bdca2a4d6f93c460f84027c752950c8071b8a61e55caaebd877128ef477b7,2026-10-02T13:32:11Z,excluded_token_or_spoke,1.811170,200000000000.000000,,fill_unknown,,,,,,,,,,,,,,,,unknown,false,unknown,unknown,unknown,0,attribution_unknown,
8453,57073,6283197,0xe48cfbd7ae0ffdaddb7707f69d9b26c85abb265f42ca49df6783b6298034fc89,0xf1a144007d7161aa581c283e3780b3d962a7bce88d01df4121f89de0e1ef8be3,2026-10-02T13:13:59Z,excluded_route,55.000000,54.994174,,right_censored,,,,,,,,,,,,,,,,unknown,false,unknown,unknown,unknown,0,attribution_unknown,
8453,1,6283203,0x812b383613df08686d2617cdcd7b76bc981f0f574647840863993944d5483d49,0xf3015184325a23744a5e9691672a4aca6903065f79c56f71d9e9eb0eed51ee98,2026-10-02T13:15:45Z,excluded_route,12083588509.276315,12007901728.724439,,right_censored,,,,,,,,,,,,,,,,unknown,false,unknown,unknown,unknown,0,attribution_unknown,
8453,56,6283301,0x1137f8747f4670f992c4ce4ae45bdc6a28f54abc25f12f62576f34ccb96d6453,0xf338e0083c2ddf406e286649a5b71841db4854d8417e34dd30685e907e52b7a8,2026-10-02T13:42:11Z,excluded_route,4.131223,4126626030561.545226,,right_censored,,,,,,,,,,,,,,,,unknown,false,unknown,unknown,unknown,0,attribution_unknown,
8453,56,6283292,0x8c7f895eba9978e08a02cb13a166df3405b93002a7c2a66f57820f4bc19418cf,0xf38668092fc1ac157abfe25b6cd75b57c6a363f2b8f846781d5945c8875d5136,2026-10-02T13:39:31Z,excluded_route,50.000000,49981662000000.000000,,right_censored,,,,,,,,,,,,,,,,unknown,false,unknown,unknown,unknown,0,attribution_unknown,
8453,10,6283370,0x70db06710ecd8fcfb8fec25f7fce6e44c5a3817f237d4ae12a02fe3d102f441a,0xf492ef87051d72768fb08219afff83c8e448b5dd85f3bf6ea7dce952f4c7c1ff,2026-10-02T13:56:53Z,excluded_route,10000000.000000,9769783.514296,,right_censored,,,,,,,,,,,,,,,,unknown,false,unknown,unknown,unknown,0,attribution_unknown,
8453,9745,6176728353019041972842793270210988601444060700654833860155675128392760321816,0x58a15d3a063c966a87fcc376b8655ef9a8a74a855d0a956efca7036d7ce38c2d,0xf49c64c21c15445090ab2f6ee95a9ec34cc63c0aca587def82053ae0d2b429e0,2026-10-02T13:57:03Z,excluded_route,84.617153,84.617153,,fill_unknown,,,,,,,,,,,,,,,,unknown,false,unknown,unknown,unknown,0,attribution_unknown,
8453,4663,6283255,0xb59bd5ed8d227d4c4532da778ef6ef0654483f005742214ebd15d7edcc47db13,0xf4e8d21db6f58ffb9caf0c6b452c8ac1661a0fbcb8e0505aa25caca656088137,2026-10-02T13:29:03Z,excluded_route,20000000000.000000,19987820615.978708,,right_censored,,,,,,,,,,,,,,,,unknown,false,unknown,unknown,unknown,0,attribution_unknown,
8453,4663,6283119,0x743bf22260470250c2aa8a02477b79fe35d73de579814ad2dd2375010d9d767e,0xf594ac314e850cb3375a37023cace4cf83a0f6d278f7c7c6c0e5ef13793f45ea,2026-10-02T12:47:07Z,excluded_route,9834084556.091222,9822604365.853169,,right_censored,,,,,,,,,,,,,,,,unknown,false,unknown,unknown,unknown,0,attribution_unknown,
8453,4663,6283367,0x6ddabf012a11f13e1fc4851e9a79bbe95b8eb56c0665ba081e71a5e0d0f54322,0xf5caf4418c0723f44d0792416a29d16710f81ce57ddf55a209edc4e98a01aa4b,2026-10-02T13:56:43Z,excluded_route,2824450382.696810,2816277032.007948,,right_censored,,,,,,,,,,,,,,,,unknown,false,unknown,unknown,unknown,0,attribution_unknown,
8453,999,6283215,0xa387e86ab82cb43ba93c10a7c47de585f3b91e25c6831455d397e41d17e4ed84,0xf88e048e642d824e0b8694fc842202c02bf2d8d82afda5753048bc5b26a36656,2026-10-02T13:18:27Z,excluded_route,1.144347,1.135623,,right_censored,,,,,,,,,,,,,,,,unknown,false,unknown,unknown,unknown,0,attribution_unknown,
8453,1,6283120,0xef9aa4f5946c6e52b6126c06dce981067e871eb85d08751435898502f5064f9a,0xf9ab4086c88989be189e947e2950a8e80e8b664039b3f52e461fadf56e14fdc7,2026-10-02T12:47:23Z,excluded_route,7181660335.573088,7058713905.813310,,right_censored,,,,,,,,,,,,,,,,unknown,false,unknown,unknown,unknown,0,attribution_unknown,
8453,42161,6283374,0x978d5e2d2468b14268b069602033084d6215cea436291f5e4e797c7326c02436,0xfa15dc12359135ebcc427a26ff7d28c6f6ba93b12ce8389af00a9f422de3df05,2026-10-02T13:57:51Z,eligible_original_empty_terms,545.522068,545.459531,0.062537,prefill_possible_or_clock_order_inversion,2026-10-02T13:57:49Z,0,545.459531,0.062537,42161,0x45aac0e81739565cec22690347a0361abc9e23cb5c0614ec12d7468afa49bda5,0x52ab2c7f822ad633d7e7c78329601779abc23a097cce8194303ee898ed2561f0,8453,0x000000000000000000000000d0588c940bdbfcfb5f3e8e3c843ed1462d9f828e,0xd0588c940bdbfcfb5f3e8e3c843ed1462d9f828e,2546157516000,true,whole_transaction_shared_do_not_sum_orders,,,unknown,false,unknown,unknown,unknown,0,attribution_unknown,
8453,4663,6283318,0x7d6d608eb9a14ed53a998172f4b52193de5e245359ea09d58b7cd88eb971556b,0xfa41ce322075fdac892581f78413fcd1c027beddc579d5521f8480b047ae6dd6,2026-10-02T13:46:09Z,excluded_route,16664562949.280156,16653205888.160576,,right_censored,,,,,,,,,,,,,,,,unknown,false,unknown,unknown,unknown,0,attribution_unknown,
8453,1,6283424,0x000697f066dbbad6cfca817afa7be3e7aacad4dea17103e62898d67cb669061c,0xfb1e67db4132ae485edf8bc271b7b926a351647d06b995ef898952b3444d8076,2026-10-02T14:11:25Z,excluded_route,5841382657501.598793,5839911233494.498690,,right_censored,,,,,,,,,,,,,,,,unknown,false,unknown,unknown,unknown,0,attribution_unknown,
8453,42161,60368227870460563603336985050281244315030144700237388154184017510701207177161,0x27d29910c85dec8ebe82e757aea25e522899d8c1f799843621235421f6f06ded,0xfb7214bfd2c6e1b4968fe5041893d6baf97fe442c2318044bbe7ac75c7f9189e,2026-10-02T13:25:13Z,eligible_original_empty_terms,10.000000,10.000000,0.000000,fill_unknown,,,,,,,,,,,,,,,,unknown,false,unknown,unknown,unknown,0,attribution_unknown,
8453,4663,6283162,0xb713f26da0760bd8dd48b10948027393deb29fdfe9b91fce0237b229ffc93423,0xfb8c44fc012d13280bd28721bf8a5974c72dff9b91788e89519f5aa2b5239881,2026-10-02T13:01:39Z,excluded_route,7201440720.919177,7192434065.428540,,right_censored,,,,,,,,,,,,,,,,unknown,false,unknown,unknown,unknown,0,attribution_unknown,
8453,1,6283190,0x5ee87c2ac76d31aecbc99ea228ee8919316da63d1a1cec8b156211e4c09047d3,0xfb96ae6b6de43b359cad484b67d6af4ad1172651fd5e2472fe58a3662fc6e284,2026-10-02T13:09:53Z,excluded_route,36.040095,35.868674,,fill_unknown,,,,,,,,,,,,,,,,unknown,false,unknown,unknown,unknown,0,attribution_unknown,
8453,56,6283403,0x262d73a2b3579e9aaf454328f0fbfbb28ae4a12f394fcc32d1f964c2cfb7466c,0xfcbb7bea0c3fca1486b56698ee582538f637b8519e50225f239d13b86d0b64ca,2026-10-02T14:03:41Z,excluded_route,4954764062.029452,4947055979.309697,,right_censored,,,,,,,,,,,,,,,,unknown,false,unknown,unknown,unknown,0,attribution_unknown,
8453,42161,6283196,0x43e1f44cb22885b2d428ec2ec6649967ad5e77c56c4c200c43e002b0d3ca928f,0xfe64d82e658f4a367bb0220334e49796d3c7f7ded2975e482fbbba77145a91c6,2026-10-02T13:12:23Z,eligible_original_empty_terms,1073.635625,1073.519862,0.115763,right_censored,,,,,,,,,,,,,,,,unknown,false,unknown,unknown,unknown,0,attribution_unknown,
8453,1,6283188,0x52c882f4770f7cfb8cff0c919ed214359b913e7a61b8e53d0821b1f95a6b1444,0xfea484574c17748f905239ca07c840980d9e1f40bbc3ec46b621396a35545394,2026-10-02T13:09:31Z,excluded_route,254.000000,253.604196,,right_censored,,,,,,,,,,,,,,,,unknown,false,unknown,unknown,unknown,0,attribution_unknown,
8453,42161,6283206,0xff411cf6ef9bb3439f1ab84c87e4b567458b768550813c345352e1f970ab6c4e,0xfeefe768c58130371b6199211019f05004ec2404655fa7c0471ca7d72647dae4,2026-10-02T13:17:07Z,excluded_token_or_spoke,594750000.000000,589971927.006822,,right_censored,,,,,,,,,,,,,,,,unknown,false,unknown,unknown,unknown,0,attribution_unknown,
